EDGAR Country Code,Country,1990,1991,1992,1993,1994,1995,1996,1997,1998,1999,2000,2001,2002,2003,2004,2005,2006,2007,2008,2009,2010,2011,2012,2013,2014,2015,2016,2017,2018,2019,2020,2021,2022,2023
ABW,Aruba,0.101288858,0.105142031,0.10942828,0.102558666,0.107100982,0.114474963,0.076649136,0.115067065,0.115595654,0.115696592,0.097759311,0.094622727,0.102435653,0.114860496,0.110649706,0.120423961,0.121433673,0.1262694,0.122200855,0.147865128,0.145978231,0.090972212,0.109441656,0.111679076,0.12106432,0.127408825,0.131262472,0.118234952,0.11534276,0.140329989,0.151117498,0.130436256,0.118620276,0.118538693
AFG,Afghanistan,0.235478857,0.265677576,0.241175804,0.324220228,0.41787744,0.283911787,0.330615765,0.37549294,0.41616235,0.465648896,0.427288705,0.413839476,0.389044319,0.371524844,0.365396754,0.334388712,0.321340408,0.301854828,0.346626674,0.327365089,0.334331888,0.383332561,0.316702025,0.282894816,0.277066327,0.272985214,0.259409436,0.262758216,0.258370052,0.243495776,0.246249117,0.322302264,0.355827793,0.383209116
AGO,Angola,0.371658645,0.364947413,0.374160004,0.555378951,0.721906509,0.726557745,0.77090383,0.74914079,0.771052924,0.761865651,0.689414604,0.640034368,0.547160805,0.532787394,0.519714247,0.439020184,0.350859306,0.299235658,0.285432597,0.289944952,0.308888636,0.293922016,0.279042833,0.283141075,0.277628664,0.290971881,0.28808918,0.2685732,0.257626685,0.260964974,0.243998152,0.251774067,0.254961843,0.25464059
AIA,Anguilla,0.028943086,0.045075446,0.035440751,0.041588715,0.051702782,0.063176829,0.064996455,0.055839457,0.045075948,0.039613326,0.052983233,0.055059779,0.044559809,0.047258866,0.04025179,0.033853795,0.030335635,0.024910867,0.030102178,0.053210508,0.064449338,0.069479322,0.075213798,0.093407315,0.0982226,0.113917755,0.127597072,0.150618482,0.190672196,0.124423526,0.111726815,0.102502762,0.089841784,0.082969571
ALB,Albania,0.650254546,0.710073573,0.520889328,0.478346028,0.491436584,0.411140075,0.361446373,0.356990297,0.343501822,0.368090897,0.354033651,0.33546435,0.348002486,0.33756868,0.328092766,0.295721814,0.280825331,0.263462318,0.238460519,0.230100006,0.23069234,0.237011584,0.224886342,0.229889736,0.238623788,0.229252383,0.21216215,0.224141361,0.215216739,0.198510239,0.189777039,0.183612073,0.16294312,0.154735816
ANT,Curaçao,0.839622297,0.849509513,0.873171329,0.715993677,0.779289821,0.757571045,0.740161864,1.350997092,1.344482669,1.272947766,1.288198496,1.297013998,1.234833913,1.233682905,1.278913853,1.331702915,1.279967825,1.350642486,1.310193168,1.246954625,0.909284383,1.164152641,1.185948384,1.09725619,1.215909695,1.223880762,1.07555574,0.878302861,0.726408889,0.581445946,0.58271934,0.608839398,0.58485682,0.540602932
ARE,United Arab Emirates,0.387563035,0.424786703,0.408862237,0.434409205,0.427510847,0.421146879,0.417593015,0.392304691,0.394938074,0.393241737,0.362599426,0.39577864,0.391055711,0.381584587,0.364859555,0.370524515,0.352105614,0.363337443,0.408233606,0.433200055,0.443701387,0.433056918,0.443563165,0.444039321,0.432346357,0.425184472,0.415476377,0.400045435,0.370689365,0.386646182,0.403146662,0.398163068,0.384507589,0.372114689
ARG,Argentina,0.455462561,0.423708074,0.395643804,0.368326291,0.355483706,0.369540225,0.359511345,0.338289192,0.330071119,0.34888361,0.347558396,0.358462594,0.401287807,0.396764837,0.386343193,0.358500997,0.345345514,0.325123594,0.313757272,0.311386079,0.286069802,0.275068861,0.283742629,0.283867449,0.290522393,0.287539677,0.295893985,0.290363056,0.297631638,0.301293605,0.321787571,0.307625801,0.298797275,0.296152309
ARM,Armenia,1.115170811,1.294979953,1.250780509,0.755557825,0.495882061,0.523293159,0.415777916,0.458150818,0.429305223,0.388768598,0.402010676,0.375508889,0.307463784,0.291276499,0.284530796,0.278231106,0.244837201,0.238314985,0.236069446,0.233366142,0.220376411,0.229338667,0.23833462,0.231744333,0.233025678,0.223964825,0.219251397,0.208965138,0.201481645,0.197165898,0.224176776,0.226256893,0.195160961,0.18771369
ATG,Antigua and Barbuda,0.185270585,0.182534197,0.181682806,0.170582376,0.170705188,0.184615313,0.17222236,0.17041832,0.16593136,0.161974044,0.117616673,0.12181739,0.130205131,0.130059749,0.124712102,0.120056802,0.116004836,0.112879732,0.119365899,0.14921621,0.157377478,0.129032064,0.13118813,0.147130407,0.153064819,0.155906803,0.160132215,0.14079438,0.138394687,0.150394728,0.155388986,0.156136259,0.143037832,0.143744205
AUS,Australia,0.754399808,0.761807306,0.761525059,0.736388498,0.716828225,0.701787739,0.69443709,0.685955582,0.68461359,0.659647231,0.646125111,0.644549724,0.629498633,0.60035173,0.596798727,0.581434669,0.570796714,0.55890349,0.538349652,0.535591314,0.528396852,0.520597772,0.503730145,0.48773456,0.468038557,0.459500936,0.448405004,0.445197744,0.431136789,0.420448974,0.404826102,0.393853714,0.370100751,0.361048385
AUT,Austria,0.237161668,0.24108221,0.220651851,0.219416467,0.215073857,0.217019771,0.222299784,0.215688064,0.208543098,0.196516413,0.190352369,0.199019723,0.19988883,0.210124103,0.204197802,0.20089603,0.189276216,0.17638573,0.173130087,0.164923183,0.174050976,0.165807085,0.158328821,0.159833148,0.151975577,0.15258215,0.150604825,0.151632881,0.142903524,0.143002905,0.141813168,0.142123145,0.126675746,0.123521739
AZE,Azerbaijan,0.890897036,0.872739374,0.945978733,1.08822981,1.201978407,1.336791497,1.154184529,1.072121368,0.987200897,0.943505145,0.888818372,0.795942684,0.724726629,0.705012074,0.645426658,0.539552895,0.416952676,0.336816812,0.333390284,0.271773441,0.252982517,0.266287271,0.277682818,0.268874375,0.270852493,0.267228899,0.274563938,0.272779862,0.272368304,0.279503874,0.283484702,0.279502775,0.27647381,0.289723546
BDI,Burundi,0.370800722,0.369506248,0.359771585,0.389302811,0.402379565,0.453557041,0.510753113,0.52911249,0.500319437,0.441427231,0.455920202,0.439126411,0.416023152,0.427122551,0.428984231,0.44127447,0.446028696,0.465723283,0.446505765,0.454193866,0.465996916,0.474693871,0.452600236,0.531906727,0.503764733,0.522840881,0.556636537,0.616276275,0.627397623,0.582615363,0.573731573,0.630115778,0.633233725,0.621252839
BEL,Belgium,0.333623016,0.336793305,0.326433395,0.325136612,0.331428635,0.325681126,0.33300041,0.313134685,0.31459902,0.295933919,0.287991976,0.285192877,0.265850918,0.269888776,0.258613122,0.247498297,0.235439351,0.222660737,0.224620124,0.216932098,0.224407367,0.204305275,0.199873973,0.201170362,0.187583916,0.190944945,0.187087137,0.181149735,0.178605741,0.174038186,0.172056859,0.166376094,0.151428438,0.141526572
BEN,Benin,0.330882116,0.324972889,0.324048964,0.307729066,0.326259571,0.292485591,0.343575222,0.343032572,0.331140622,0.33437428,0.328364743,0.339528345,0.346920435,0.352416006,0.352083785,0.366562252,0.407086489,0.413214157,0.398567969,0.409847941,0.434070524,0.425212509,0.404600928,0.403165402,0.396369608,0.40562164,0.441621969,0.427160194,0.438841644,0.411118734,0.407074144,0.344724286,0.336514628,0.318023005
BFA,Burkina Faso,1.110029053,1.071128478,1.079364221,1.067789911,1.087238296,1.061275753,0.984370749,0.962407713,0.922450639,0.823763541,0.82875106,0.865760719,0.851086179,0.951280754,0.924735602,0.877423558,0.844433447,0.846485674,0.838058558,0.831575627,0.791232056,0.762766276,0.741041824,0.726760315,0.701556822,0.716267377,0.693312708,0.676978175,0.658674806,0.648933273,0.565193364,0.616891617,0.61289864,0.602902501
BGD,Bangladesh,0.563042947,0.535870959,0.513164044,0.487634284,0.476412089,0.47128247,0.456091413,0.44202996,0.418415329,0.417473571,0.400021901,0.397298407,0.392453419,0.382251837,0.365344318,0.354976233,0.343046218,0.329468517,0.329391538,0.322402877,0.31872462,0.306777254,0.294916607,0.281978736,0.27424406,0.26791253,0.257839576,0.254167842,0.241610264,0.226869156,0.215632068,0.215950184,0.208428552,0.199094813
BGR,Bulgaria,0.786641318,0.715836988,0.729035237,0.728020871,0.681259573,0.668580407,0.63933168,0.71597367,0.661630869,0.649747796,0.603376337,0.599145744,0.536204901,0.559924152,0.512195663,0.483950415,0.462071652,0.457264215,0.411149098,0.373317503,0.384838649,0.410792483,0.375979002,0.346097951,0.358568335,0.369282592,0.344372943,0.348040172,0.319388238,0.298696436,0.285156294,0.296825454,0.305606783,0.249331728
BHR,Bahrain,1.388847268,1.22926831,1.321749784,1.246072231,1.247272729,1.195328838,1.191738436,1.072434449,1.069912685,1.086150187,1.047023392,1.049385921,1.002322799,0.934208505,0.8717477,0.891369178,0.870129323,0.824344919,0.837588635,0.826893547,0.798195316,0.788639421,0.819089941,0.844723388,0.835541786,0.814822926,0.790571426,0.759428282,0.743173252,0.775166966,0.815042543,0.797018104,0.749273774,0.745499572
BHS,Bahamas,0.14325058,0.137474923,0.126892617,0.129750428,0.13728637,0.149367261,0.158071293,0.157555274,0.170492467,0.145257715,0.112317075,0.109480789,0.115159516,0.092710782,0.098213098,0.094178278,0.111380103,0.127844997,0.135691562,0.121357522,0.132498883,0.096743948,0.107344053,0.117346006,0.11899835,0.116789648,0.128531837,0.135847251,0.145474389,0.165994682,0.177722418,0.167571735,0.151937593,0.155046055
BIH,Bosnia and Herzegovina,3.013516498,3.012205104,2.470739147,2.159760151,0.646769136,0.558924587,0.401113954,0.509650067,0.547428399,0.5133421,0.599698677,0.571808688,0.57535608,0.565222396,0.570114407,0.567058202,0.588553349,0.583616413,0.583977619,0.597420822,0.603946673,0.667561695,0.62817911,0.609930229,0.572836233,0.54827594,0.596111607,0.588523497,0.573996169,0.528356153,0.543336618,0.503186805,0.482159325,0.461011065
BLR,Belarus,1.111110585,1.085460593,1.096485861,1.05001762,1.041062437,1.055526968,1.028878239,0.923169607,0.835762549,0.784194186,0.71657279,0.672278348,0.639264425,0.601512244,0.566732434,0.519164666,0.488527485,0.442519357,0.43779458,0.424231247,0.41639149,0.384071759,0.384405695,0.382802992,0.373983498,0.36975636,0.375928305,0.373849008,0.375743544,0.361833225,0.353276471,0.345311722,0.354456985,0.331270202
BLZ,Belize,0.314058748,0.291607197,0.256357518,0.233343357,0.234687138,0.224809049,0.214492859,0.250077276,0.248880658,0.234580549,0.184361375,0.183278715,0.178817115,0.171756527,0.157063662,0.160707948,0.178669379,0.180658019,0.186296919,0.203185667,0.211684884,0.204357075,0.189824931,0.197985581,0.179847125,0.186165437,0.191780334,0.205173492,0.193975376,0.193680202,0.212398767,0.187721643,0.177281381,0.175084824
BMU,Bermuda,0.06189897,0.058441667,0.04733581,0.050692877,0.049971776,0.048107067,0.047708732,0.046760261,0.046031041,0.045088966,0.02967937,0.027441945,0.03057352,0.030430315,0.03004265,0.031526965,0.036380173,0.041478521,0.042523036,0.03991751,0.050661333,0.027938496,0.033530943,0.036973528,0.05135501,0.043812104,0.058158374,0.051699475,0.056285385,0.06382978,0.060803877,0.060276183,0.056803077,0.052702032
BOL,Bolivia,0.810693343,0.816560758,0.837167829,0.85614361,0.86590038,0.654091096,0.623397197,0.683479366,0.59889149,0.582447863,0.555596142,0.51834742,0.527402475,0.530229294,0.532125571,0.518745413,0.511181225,0.518909344,0.504924373,0.507432453,0.530855292,0.514124777,0.509577847,0.496948536,0.481908849,0.469156012,0.466628885,0.453651351,0.44098235,0.439180285,0.451456504,0.461716465,0.45756996,0.460707557
BRA,Brazil,0.35643095,0.367325108,0.380591614,0.375683648,0.369049176,0.371231953,0.366051538,0.365113987,0.370948373,0.375414314,0.368850284,0.369315774,0.367446012,0.375216333,0.373039014,0.36477067,0.353006625,0.338209161,0.330390889,0.323141046,0.322829782,0.320433009,0.323541578,0.323569078,0.330392342,0.338262346,0.342884563,0.341496803,0.329298266,0.326480126,0.33632257,0.341760887,0.332772355,0.323785535
BRB,Barbados,0.222087869,0.222555692,0.232475936,0.219639793,0.211799464,0.211003131,0.20128488,0.216264136,0.224645541,0.232004971,0.192715474,0.188431831,0.193502863,0.196120414,0.192210519,0.187796136,0.184725512,0.174439847,0.200602785,0.209815871,0.21834718,0.1896364,0.181335364,0.202234837,0.188658291,0.195238309,0.201819728,0.182128805,0.195527104,0.214942765,0.205973911,0.228870525,0.202190546,0.201016111
BRN,Brunei,0.242277268,0.255882628,0.252337573,0.263685026,0.260523572,0.259286512,0.264619182,0.286247546,0.269281513,0.277616132,0.280865692,0.281219385,0.245053975,0.268611252,0.252296067,0.241874259,0.323763552,0.308649923,0.37570795,0.32669251,0.288483613,0.297450525,0.285531188,0.289943442,0.303399067,0.284041399,0.303384434,0.299329198,0.305853268,0.285135482,0.350075261,0.348896363,0.341873958,0.34480525
BTN,Bhutan,0.628404305,0.585471598,0.538003244,0.537408415,0.540273033,0.571564231,0.5501266,0.523884565,0.498249828,0.468416192,0.455422652,0.423641813,0.389169366,0.366662093,0.349140566,0.358750641,0.362239852,0.317700902,0.306133042,0.313212648,0.297198605,0.305324386,0.282036822,0.292123785,0.281251873,0.284940963,0.278869328,0.284995977,0.300781338,0.299184494,0.306679983,0.30536714,0.293024502,0.283262185
BWA,Botswana,0.668516845,0.556094384,0.556998495,0.529950742,0.519401612,0.545157597,0.464481793,0.442266831,0.483259535,0.470512431,0.477697489,0.450374409,0.406094373,0.378780778,0.36652509,0.375409849,0.339786002,0.328880401,0.327568015,0.374656204,0.334989097,0.326329565,0.300398462,0.326107997,0.339802516,0.369752044,0.321542069,0.316024892,0.327792169,0.288219139,0.272573777,0.267720661,0.272370775,0.271977193
CAF,Central African Republic,1.774412232,1.902429786,2.028668423,1.888518911,1.954670717,1.870280842,2.0294772,1.734899353,1.930304054,1.82414198,1.914931988,1.919037478,1.659119844,1.98638417,1.74924481,1.875056201,1.799470408,1.894543605,1.86085904,1.613636565,1.6367913,1.702518748,1.58272311,2.472219816,2.452545343,2.432698797,2.471094443,2.265682023,2.235569767,2.135486746,2.187497782,2.188633966,2.246246637,2.137675281
CAN,Canada,0.527164828,0.533738475,0.543952163,0.533420045,0.532450566,0.531070382,0.536004457,0.52386417,0.510786698,0.493683378,0.48565576,0.470172411,0.471269191,0.475021098,0.454150819,0.451673407,0.438460519,0.442396295,0.423458729,0.412198302,0.411655516,0.408840168,0.399743946,0.395920311,0.391031184,0.386199844,0.379547752,0.378126389,0.379350716,0.369356487,0.351402298,0.341415394,0.336519763,0.334057342
CHE,Switzerland and Liechtenstein,0.126031956,0.132454429,0.131831253,0.125799527,0.121706631,0.122950934,0.123612266,0.117644749,0.117445017,0.115748839,0.109723766,0.111076995,0.107844566,0.110368238,0.108732543,0.107203389,0.101901802,0.094514892,0.094694126,0.093715348,0.093776676,0.08538942,0.086642895,0.087165818,0.079364634,0.077073632,0.076265183,0.073853351,0.069898456,0.068827448,0.066741477,0.065789418,0.059792636,0.059209085
CHL,Chile,0.391366967,0.354488594,0.329528594,0.322472895,0.325909575,0.32285143,0.333103337,0.3370761,0.325595863,0.339460316,0.310630621,0.294648058,0.28710725,0.281030491,0.280147383,0.266390844,0.254705406,0.262571339,0.265726559,0.25711546,0.247749256,0.256818344,0.250365272,0.246040698,0.225800206,0.231485496,0.237593828,0.238537459,0.232636336,0.242707848,0.243970488,0.221252911,0.216957972,0.209708016
CHN,China,2.07511347,1.96522496,1.771563922,1.631606045,1.505645992,1.481217984,1.35177196,1.244238857,1.176017162,1.08121556,1.040892634,0.996233789,0.968358738,0.9879289,1.016390381,1.019086744,0.990772472,0.925426634,0.863094218,0.838442272,0.819997556,0.814071048,0.776428785,0.75139328,0.707594951,0.652267639,0.609845457,0.58139521,0.568818993,0.549176499,0.545518732,0.526535426,0.510715371,0.510588658
CIV,Côte d’Ivoire,0.160385318,0.165442622,0.167880407,0.170452895,0.183123043,0.179644753,0.183900153,0.183527311,0.172757251,0.192881237,0.192325304,0.199020655,0.214149267,0.205992409,0.209696621,0.219257146,0.215174682,0.21439332,0.21264339,0.199070357,0.200293161,0.218555611,0.229273563,0.218909369,0.207928251,0.202302085,0.196680766,0.189168427,0.176867823,0.177038668,0.176272948,0.175961938,0.169024865,0.158730769
CMR,Cameroon,0.583256339,0.590246197,0.587401158,0.620576226,0.590819865,0.586937104,0.589217243,0.553859476,0.541002321,0.529580716,0.532969622,0.512295925,0.472011359,0.458271697,0.424668029,0.417871681,0.39314058,0.387710427,0.374258544,0.374435102,0.359415162,0.343297712,0.336501729,0.341493988,0.345559691,0.355397615,0.341756553,0.319256198,0.310084687,0.305308073,0.310692856,0.301530833,0.295599621,0.283442269
COD,Democratic Republic of the Congo,0.319520319,0.319763793,0.364811006,0.440606164,0.443873888,0.445616833,0.46657413,0.477932652,0.494580753,0.504130783,0.598082189,0.555432323,0.524883037,0.520104378,0.496875196,0.480672875,0.46499197,0.45276096,0.435436887,0.424040968,0.439354951,0.422636768,0.47696772,0.480899087,0.478988392,0.442400631,0.436540406,0.445017585,0.415311915,0.411128267,0.414169016,0.40105776,0.391841904,0.364294629
COG,Congo,0.524216064,0.506476183,0.497058626,0.517798517,0.47985363,0.571303704,0.707858226,0.742095308,0.858797982,0.898236129,0.907378897,0.815449166,0.510848639,0.572879477,0.597656221,0.678393883,0.691691498,0.636588975,0.59295734,0.579205587,0.573822603,0.538836541,0.472046032,0.461734331,0.442338474,0.436881356,0.47114927,0.541302256,0.648496123,0.670928516,0.685128433,0.62677656,0.633591182,0.621080541
COK,Cook Islands,,,,,,,,,,,,,,,,,,,,,,,,,,,,,,,,,,
COL,Colombia,0.407783186,0.403558589,0.398985723,0.390276058,0.37191557,0.366078224,0.358590249,0.363409133,0.367424898,0.354742205,0.356741198,0.352739601,0.341235637,0.329890963,0.314400831,0.306987115,0.2855276,0.275597287,0.268563668,0.2735149,0.269863062,0.257447431,0.244697636,0.2461193,0.235286218,0.230715126,0.230629148,0.223046617,0.226855567,0.225414131,0.24030907,0.229656194,0.219228433,0.228999045
COM,Comoros,0.24647624,0.240809352,0.219492695,0.21686161,0.23302552,0.23217391,0.242759277,0.237142512,0.248820955,0.260449673,0.255977991,0.252210687,0.253280077,0.26158462,0.268307062,0.261714523,0.272092393,0.241941432,0.235867658,0.245411101,0.24949071,0.236027162,0.234098664,0.239734839,0.228255416,0.232496116,0.239306154,0.254494352,0.256555171,0.271526824,0.28001864,0.274758708,0.262837299,0.257301784
CPV,Cabo Verde,0.307535958,0.337580679,0.340524487,0.316985596,0.262891129,0.255262085,0.220328732,0.209353319,0.198608607,0.188641691,0.258141847,0.268075966,0.273007224,0.235908522,0.229673102,0.297509412,0.295249221,0.279641892,0.255876072,0.256766778,0.265370747,0.289539738,0.254334489,0.248548466,0.256711253,0.256921566,0.257099541,0.253529943,0.245596236,0.241930302,0.320705878,0.305468498,0.270358098,0.251165164
CRI,Costa Rica,0.278249219,0.280296731,0.287755015,0.269329971,0.267193923,0.244890742,0.239779455,0.227362187,0.222884598,0.208907254,0.196029734,0.192578996,0.186834056,0.186076109,0.182259117,0.175347514,0.169205102,0.17090877,0.165167689,0.164320691,0.157575182,0.158488019,0.147556311,0.147743522,0.14529193,0.138591764,0.139459699,0.137370844,0.138298279,0.134117601,0.126996202,0.128418675,0.12471281,0.122678337
CUB,Cuba,0.333525045,0.317182558,0.313577334,0.334201485,0.342526707,0.340869103,0.338688361,0.345894856,0.336907925,0.319145967,0.303980416,0.28461649,0.272661588,0.257662076,0.23815274,0.214770248,0.197621511,0.188478994,0.179185694,0.179267127,0.177442123,0.172344935,0.171507816,0.168186859,0.159269765,0.158671962,0.151686327,0.145005236,0.14294717,0.135589966,0.138594179,0.126648939,0.120623076,0.121856376
CYM,Cayman Islands,0.051974644,0.052986566,0.057792433,0.047453676,0.060675462,0.060477533,0.060397988,0.054872376,0.050898701,0.052989313,0.04455232,0.045917058,0.053008343,0.048473143,0.048895866,0.042042171,0.042007286,0.050116789,0.055974253,0.059559111,0.066114821,0.053769576,0.051048571,0.05656086,0.058760138,0.061463725,0.062348804,0.064241211,0.059487995,0.078214755,0.06776524,0.07102739,0.067860207,0.063035643
CYP,Cyprus,0.331485151,0.361595786,0.352884872,0.366062441,0.359964616,0.326818334,0.341369839,0.336008345,0.330776733,0.326426328,0.318209545,0.303064559,0.300162291,0.316260528,0.299288646,0.288825487,0.279420797,0.274721283,0.270772833,0.270504552,0.265931393,0.257978737,0.249698431,0.24494966,0.261746062,0.255619816,0.252249564,0.243969751,0.236964083,0.237125184,0.235010141,0.220324534,0.219793961,0.219787605
CZE,Czechia,0.690499514,0.704788417,0.677778745,0.652142076,0.604233686,0.563780789,0.558080401,0.548521745,0.52817208,0.493628288,0.520842778,0.50558198,0.479637249,0.472345251,0.452778655,0.416203478,0.394033907,0.377504562,0.352850129,0.352677193,0.348717258,0.336848043,0.32931367,0.318459131,0.306767447,0.294525862,0.289696319,0.277193241,0.265558192,0.24596511,0.240167336,0.242657224,0.238041087,0.22049499
DEU,Germany,0.365468592,0.340592661,0.316668151,0.316047602,0.304892064,0.298100494,0.302978148,0.287638035,0.276833572,0.261306778,0.252907109,0.250793912,0.246590042,0.248932784,0.242041552,0.233966751,0.226894159,0.214115902,0.211891415,0.209435876,0.211401939,0.197200643,0.198744203,0.201556252,0.188953517,0.187205203,0.183625682,0.175663179,0.167728637,0.155720442,0.150107044,0.152041128,0.145244503,0.130359905
DJI,Djibouti,0.741521631,0.895714547,0.646901678,0.532679848,0.738539123,0.644197074,0.763867977,0.722650551,0.740573472,0.727089029,0.57517561,0.587516202,0.604454646,0.57402224,0.553171741,0.519285571,0.444830947,0.430620732,0.404086551,0.514403956,0.59050387,0.482677909,0.50179473,0.485606139,0.456073023,0.40929114,0.377914456,0.347123128,0.341554959,0.3240799,0.326688901,0.322147361,0.306737728,0.288961532
DMA,Dominica,0.109681343,0.107923511,0.106072951,0.126727386,0.14331563,0.149064174,0.151911962,0.146814102,0.110482474,0.140026879,0.129882329,0.130435516,0.128270159,0.128728098,0.129374019,0.127634734,0.12610419,0.131286089,0.11997029,0.12296365,0.124659504,0.110715497,0.107925098,0.114090064,0.115545738,0.123639711,0.125224881,0.125769513,0.126770601,0.128265733,0.137424585,0.135746744,0.128858218,0.126805418
DNK,Denmark,0.289590839,0.329921273,0.299225859,0.309854175,0.308732138,0.288364261,0.329133628,0.283854277,0.263779139,0.246089258,0.224181413,0.227622724,0.223932728,0.240611658,0.215399854,0.199291297,0.212809544,0.197967077,0.188286996,0.191090823,0.188653174,0.170547779,0.155812944,0.160839454,0.146399035,0.137598358,0.138568916,0.12900422,0.127100816,0.11678092,0.113713301,0.109809666,0.102811677,0.097649338
DOM,Dominican Republic,0.331698642,0.344537884,0.326772394,0.308001556,0.32528159,0.320029969,0.31841084,0.316531899,0.322042175,0.31116273,0.302963732,0.303085714,0.314256454,0.294343553,0.281676958,0.269052806,0.264824349,0.255179914,0.249540109,0.244592945,0.235168115,0.230291711,0.229694755,0.217097553,0.205779131,0.205360919,0.199632225,0.187240414,0.185995568,0.190301892,0.198108449,0.189578637,0.181594734,0.184989852
DZA,Algeria,0.455294824,0.463889498,0.489801191,0.510802508,0.51042122,0.519203458,0.496091243,0.461044584,0.436476882,0.435555825,0.443189431,0.401427701,0.379722259,0.390013461,0.368951937,0.361548878,0.369198985,0.357657268,0.36539488,0.353455546,0.352433227,0.354589643,0.375762696,0.375031471,0.382161252,0.3871924,0.369379058,0.371796699,0.380049192,0.386536858,0.385653716,0.391278705,0.391469653,0.366873716
ECU,Ecuador,0.39875076,0.387074106,0.407440607,0.410293611,0.414332305,0.430427506,0.461137647,0.453209324,0.419485717,0.410915125,0.391427081,0.408679335,0.39156879,0.395386639,0.395310599,0.37968438,0.379076818,0.373357847,0.356540097,0.377914148,0.38485285,0.357868753,0.33943858,0.331521553,0.325072682,0.318239593,0.316254724,0.291372879,0.292610882,0.2917697,0.296070881,0.286638747,0.277958174,0.282862423
EGY,Egypt,0.315814212,0.331925005,0.322602075,0.315859433,0.294300316,0.298133132,0.300398958,0.295472697,0.285488583,0.287067896,0.26875848,0.278188479,0.280013036,0.278131078,0.285265293,0.295030134,0.289261247,0.283770272,0.267550909,0.262382487,0.249446845,0.253464943,0.260113999,0.249705491,0.246513534,0.240952129,0.240047892,0.239126127,0.223564494,0.195892004,0.18330291,0.192239852,0.18092145,0.175739639
ERI,Eritrea,1.31600814,1.448353625,1.677100954,1.25565029,1.089781117,1.094139273,1.107520208,1.10632706,1.034722769,1.057926194,1.22838422,1.112286365,1.070920912,1.124382825,1.123137061,1.088538007,1.069421814,1.09751978,1.349256004,1.216543199,1.09632045,0.916686436,0.910745257,1.022206869,0.787843653,0.998056535,0.943038889,1.048282151,0.944895641,0.918358725,0.927665484,0.91389029,0.888702415,0.868106661
ESH,Western Sahara,,,,,,,,,,,,,,,,,,,,,,,,,,,,,,,,,,
ESP,Spain and Andorra,0.244319529,0.244598485,0.248720459,0.23943734,0.243772436,0.249269629,0.238092183,0.246149332,0.242273713,0.247811775,0.247093065,0.236617526,0.240573746,0.239222985,0.240923515,0.240019002,0.226627742,0.22712791,0.207978694,0.196574825,0.189646546,0.190991553,0.193124108,0.180837544,0.177267557,0.177151885,0.167702103,0.169362229,0.162306055,0.150696292,0.149388749,0.14920202,0.139366402,0.12726582
EST,Estonia,1.469094646,1.467391627,1.38793248,1.21877208,1.251800777,1.098339333,1.091216461,0.944503606,0.832565843,0.778440698,0.716339627,0.685250178,0.614321679,0.631903497,0.603403306,0.548045313,0.477724329,0.522195159,0.509633998,0.511269786,0.622845509,0.585128194,0.543465341,0.587766158,0.552918337,0.503683964,0.485486092,0.485841787,0.492617075,0.335664309,0.261877101,0.257174837,0.263179473,0.250344408
ETH,Ethiopia,1.50982772,1.643745739,1.848389799,1.506532041,1.518820238,1.453579013,1.359168793,1.363796125,1.510944828,1.43500597,1.314628204,1.303876813,1.412399778,1.428833868,1.293610937,1.200380655,1.152778195,1.134983889,1.074011842,1.028197454,0.956513092,0.857476837,0.822025965,0.772866448,0.732595199,0.684498899,0.653813292,0.610277953,0.588700179,0.583131431,0.568039758,0.52138314,0.501048278,0.479502887
FIN,Finland,0.369908659,0.395035224,0.389977084,0.400770922,0.423914587,0.38921863,0.40706007,0.373621586,0.342045741,0.324093161,0.300351875,0.316514316,0.319931014,0.34625356,0.318914656,0.263966874,0.296235188,0.275177807,0.243889746,0.25238494,0.278312865,0.243978688,0.226861983,0.231912917,0.219026346,0.205128251,0.208748841,0.192484204,0.194638384,0.181361841,0.169081166,0.163793729,0.148605663,0.135316183
FJI,Fiji,0.351471401,0.343688178,0.344531679,0.36071869,0.358328983,0.354364687,0.346108085,0.358585714,0.35003013,0.3323525,0.360263797,0.371434809,0.323007464,0.345509548,0.384025404,0.353642797,0.36289504,0.351213113,0.30024109,0.277142048,0.338164005,0.281205854,0.273557295,0.280435489,0.237828236,0.233476707,0.227696915,0.234549885,0.235720111,0.252314571,0.300247164,0.320675839,0.281457564,0.267805792
FLK,Falkland Islands,,,,,,,,,,,,,,,,,,,,,,,,,,,,,,,,,,
FRA,France and Monaco,0.22651169,0.237128669,0.227309945,0.21938759,0.212087303,0.211949322,0.216077498,0.205822767,0.203221903,0.193756222,0.186346538,0.184133733,0.17985343,0.179508451,0.174999818,0.172277829,0.163825138,0.158192723,0.155511305,0.155605528,0.155592934,0.147012901,0.147194488,0.144775634,0.133484865,0.13323437,0.132242825,0.130136706,0.124141672,0.119133035,0.116221766,0.117729759,0.11133052,0.102424848
FRO,Faroes,,,,,,,,,,,,,,,,,,,,,,,,,,,,,,,,,,
GAB,Gabon,0.834928511,0.755108102,0.830441662,0.823436437,0.777922717,0.828514116,0.900790443,0.786810935,0.883897095,0.923996208,0.968719966,0.95130984,0.922225999,1.005106208,0.923404216,0.846053018,0.749674868,0.610993765,0.680304136,0.660120839,0.632765193,0.582336441,0.550309421,0.51507414,0.498101295,0.49963574,0.489087528,0.445451383,0.409243455,0.433910791,0.43800309,0.411308565,0.41914244,0.444018871
GBR,United Kingdom,0.373716313,0.38353008,0.373010386,0.354243825,0.335290275,0.326201617,0.326751544,0.302443959,0.288377603,0.273325265,0.261834423,0.257854491,0.245830003,0.241617255,0.234225514,0.224972117,0.217696114,0.2077601,0.201042958,0.192821415,0.193125555,0.176867547,0.181128003,0.174030538,0.156482737,0.148622939,0.139175333,0.132401364,0.128079546,0.121185693,0.122613209,0.118481191,0.109998651,0.1025318
GEO,Georgia,0.675032899,0.687269835,1.018361675,1.199526286,0.969876088,0.798324526,0.651339422,0.555690934,0.509826433,0.474140834,0.487429614,0.397686566,0.379133366,0.361368614,0.350975986,0.339212318,0.327856117,0.313449619,0.278327704,0.313338664,0.280549516,0.29102354,0.296750208,0.300117487,0.303071736,0.297796253,0.295200741,0.282181934,0.264158502,0.261466754,0.273590583,0.259102694,0.240561524,0.227707389
GHA,Ghana,0.242112139,0.236257126,0.238058119,0.232706221,0.232933409,0.231213179,0.232661158,0.229747761,0.248133759,0.2506092,0.233699041,0.233819784,0.242720582,0.226372851,0.213226689,0.208913168,0.218355502,0.214943388,0.212631971,0.212917438,0.208242659,0.206479701,0.208811783,0.208224001,0.203531837,0.20700307,0.203516527,0.205910489,0.20761265,0.209956825,0.221798487,0.218694424,0.216097976,0.210182054
GIB,Gibraltar,0.24020469,0.335776097,0.394775351,0.391438608,0.44010187,0.417894184,0.414848085,0.402429273,0.407373382,0.408142512,0.408741164,0.406319744,0.402739115,0.395590997,0.416382024,0.420481701,0.428403023,0.411140603,0.424378443,0.484308415,0.477895545,0.459664305,0.464856791,0.478001311,0.502491317,0.537706582,0.511344492,0.495175931,0.495408638,0.495353886,0.476511323,0.483837737,0.504664314,0.514739448
GIN,Guinea,0.575713896,0.583400384,0.536312145,0.532042329,0.540616272,0.532859962,0.568133162,0.504001833,0.506072137,0.545389205,0.570127073,0.558274132,0.551812096,0.569009929,0.577004212,0.582122918,0.600190708,0.581272553,0.582979812,0.616565702,0.685872937,0.681768384,0.662986945,0.650494111,0.649893774,0.659499673,0.62238268,0.586552699,0.570545095,0.554708622,0.541317504,0.5340282,0.528379346,0.505417294
GLP,Guadeloupe,,,,,,,,,,,,,,,,,,,,,,,,,,,,,,,,,,
GMB,The Gambia,0.339026707,0.35083234,0.331753873,0.323842934,0.339296425,0.340699046,0.338749141,0.32143274,0.319060438,0.310418661,0.325440518,0.305039969,0.320548939,0.329822132,0.321736875,0.337097906,0.35389789,0.34964613,0.349427546,0.370938618,0.361120969,0.354193584,0.340232937,0.345623175,0.370220411,0.374208796,0.353395152,0.325561022,0.285749404,0.28389857,0.282895791,0.256774088,0.255512149,0.238933598
GNB,Guinea-Bissau,0.947804645,0.94052872,0.92820459,0.921612436,0.906498318,0.896459267,0.813187565,0.765358982,0.999390102,0.904358046,0.902554162,0.855318033,0.838653342,0.865144632,0.864029946,0.827041572,0.839280297,0.851164557,0.844230272,0.859885448,0.847460084,0.787740672,0.835858902,0.836501756,0.784489711,0.773252213,0.74720882,0.686673718,0.672942315,0.661202763,0.655383894,0.624173313,0.613112218,0.587816691
GNQ,Equatorial Guinea,0.347323445,0.364384627,0.27365386,0.268653041,3.064955906,2.970868123,2.960525889,1.696733136,1.701461901,1.481909298,1.451302092,1.000471963,0.666473609,0.647690665,0.629162614,0.526234362,0.530223758,0.492299337,0.391524808,0.326217958,0.374294774,0.348442407,0.320970758,0.315819669,0.316226503,0.35328137,0.357373798,0.338697721,0.307200641,0.306096703,0.318328545,0.291517455,0.266486031,0.241275539
GRC,Greece,0.359309136,0.347778793,0.351939501,0.357652645,0.359363488,0.366697438,0.359529418,0.347944891,0.34747218,0.340424816,0.345080717,0.333155576,0.32227728,0.313175784,0.298422524,0.302001149,0.278459955,0.278922177,0.270100411,0.268789777,0.267153991,0.28926752,0.297827717,0.282702079,0.273026484,0.268526481,0.265697185,0.263828021,0.252170227,0.231371183,0.222691521,0.209371842,0.19858936,0.184325889
GRD,Grenada,0.104390477,0.103478975,0.10663916,0.116949424,0.127237474,0.117638301,0.117519753,0.137264703,0.112930413,0.107177096,0.082894184,0.085699035,0.087222437,0.084917877,0.083092655,0.077041035,0.087178579,0.088385921,0.093115486,0.104736993,0.113573523,0.094530222,0.097870311,0.114238356,0.099109509,0.097521328,0.100154294,0.096391513,0.094290952,0.103968845,0.103939243,0.107023564,0.100369796,0.099808072
GRL,Greenland,0.029316594,0.029324121,0.030901348,0.032472339,0.03054515,0.029381915,0.028892904,0.028370994,0.026286528,0.025842857,0.023822633,0.023584578,0.023748022,0.022866778,0.242705859,0.233385194,0.226241734,0.218004851,0.211020217,0.183807057,0.207532734,0.22068292,0.175461373,0.178214695,0.153887985,0.168757224,0.160890383,0.157602869,0.158006836,0.154867381,0.155432318,0.158941227,0.166127607,0.167802422
GTM,Guatemala,0.191983873,0.193535553,0.200282409,0.205687441,0.202401418,0.207277169,0.201275532,0.199891016,0.210459009,0.209039453,0.212081901,0.215664425,0.218404023,0.211443647,0.212095226,0.216224239,0.210015983,0.205671516,0.195184801,0.203908684,0.198916067,0.194979216,0.195747199,0.199098441,0.200919951,0.210983657,0.214536437,0.20583908,0.210795889,0.20898348,0.204915619,0.203933568,0.196184,0.197063127
GUF,French Guiana,,,,,,,,,,,,,,,,,,,,,,,,,,,,,,,,,,
GUY,Guyana,0.987832651,0.978474799,0.918857627,0.888737463,0.870855984,0.899024676,0.841110229,0.822511656,0.818527734,0.807617072,0.765761903,0.742668591,0.707323142,0.746882624,0.721184685,0.692672325,0.626705823,0.630746719,0.632654898,0.621528655,0.625820105,0.609997175,0.60450326,0.598002941,0.617707009,0.622659714,0.605880428,0.600252962,0.580452399,0.581110984,0.474044939,0.3946011,0.271859075,0.202054426
HKG,Hong Kong,0.217447722,0.224797377,0.236573665,0.227524724,0.186744913,0.184418959,0.166263757,0.151766623,0.19624765,0.204351534,0.175635319,0.174141746,0.167677785,0.175592732,0.148943326,0.145829186,0.134756969,0.13216344,0.126072963,0.134907435,0.119033943,0.120871286,0.11766352,0.117711432,0.117740417,0.107827006,0.107470875,0.101766534,0.098908036,0.09958706,0.088318703,0.082864413,0.080832363,0.082724756
HND,Honduras,0.413808122,0.43272939,0.422569489,0.386844,0.421640073,0.412644754,0.418150214,0.404583171,0.408640056,0.392147285,0.379863072,0.405273872,0.428763116,0.456294326,0.460327916,0.411366156,0.414622007,0.420062115,0.409613022,0.420005154,0.406328138,0.418034042,0.415184409,0.402837536,0.398999521,0.398613008,0.38403518,0.34630509,0.331373792,0.345048259,0.358562143,0.336760751,0.332565692,0.332879787
HRV,Croatia,0.299158402,0.292232717,0.296363423,0.320744944,0.290737164,0.27897696,0.272529442,0.270252688,0.262841975,0.276176243,0.262865822,0.266091658,0.258278428,0.258755716,0.253347094,0.242813079,0.234654814,0.23669254,0.222918023,0.225852412,0.223461055,0.221578177,0.212330883,0.210360145,0.205289722,0.206409033,0.203532892,0.201729996,0.187978415,0.183608768,0.195988102,0.175653806,0.161672893,0.157016434
HTI,Haiti,0.270812063,0.273032237,0.303363622,0.309542137,0.330778107,0.334742442,0.332715648,0.344046286,0.34405269,0.341838357,0.356988078,0.362384876,0.370127599,0.360246147,0.36294296,0.358743663,0.35781414,0.358979613,0.353199877,0.338453055,0.379746403,0.378013963,0.376115162,0.368254793,0.366579898,0.371004668,0.372528708,0.363985362,0.364618085,0.367292719,0.371811416,0.376312541,0.385425779,0.396940758
HUN,Hungary,0.434821202,0.461303447,0.42117687,0.427860599,0.413758703,0.403496949,0.415429842,0.395436257,0.377618214,0.368745237,0.339857823,0.333826374,0.311411999,0.309590034,0.291161254,0.281338052,0.267702829,0.257947331,0.247075986,0.241382661,0.2404061,0.233476059,0.223127906,0.210002866,0.201779418,0.20343924,0.201149213,0.202361502,0.192037163,0.183179643,0.187840598,0.178832544,0.163757466,0.156662139
IDN,Indonesia,0.443511876,0.43504998,0.427659818,0.41740639,0.402951062,0.396558471,0.385178312,0.384121528,0.441075823,0.447453607,0.430132938,0.432715832,0.42012722,0.421815044,0.410809317,0.393965248,0.393250724,0.38337689,0.363461331,0.362780837,0.358815676,0.380591779,0.366842783,0.333959916,0.333640084,0.318138273,0.301376539,0.304183043,0.318813131,0.318947805,0.308509849,0.305067348,0.310038595,0.307294641
IND,India,0.725765942,0.747624489,0.723950767,0.705729151,0.684954849,0.662140193,0.633240345,0.628603952,0.602008496,0.574438363,0.562803532,0.543844388,0.531658694,0.505994443,0.493457617,0.473158589,0.459378049,0.454155199,0.461355523,0.453275253,0.436745077,0.434155193,0.437719724,0.416789273,0.409900937,0.383278525,0.359746423,0.351186116,0.345309608,0.330673187,0.33083284,0.323238136,0.319973207,0.315453973
IRL,Ireland,0.560218005,0.554993194,0.537546762,0.530020293,0.513742061,0.474439463,0.453070924,0.417736579,0.400740608,0.384731426,0.370554697,0.364328471,0.337650742,0.326966657,0.302069529,0.291586904,0.280009895,0.257692574,0.26536369,0.258945808,0.250843593,0.232476638,0.237135833,0.231260249,0.212931823,0.176467272,0.182063209,0.164269136,0.142805113,0.131312681,0.118772487,0.106749581,0.096057092,0.095081007
IRN,Iran,0.629975762,0.634037254,0.652841403,0.659947717,0.736810654,0.720683349,0.705878515,0.717052211,0.680301773,0.704734411,0.706821782,0.697746851,0.665966785,0.666999979,0.669686193,0.694645091,0.708848512,0.677901038,0.690673359,0.703045301,0.673169788,0.663218833,0.680271566,0.708845838,0.69194032,0.697576375,0.677632598,0.681460242,0.686396365,0.717287816,0.70412389,0.704405009,0.699800436,0.691951143
IRQ,Iraq,0.91142933,1.160459136,1.189185188,1.167253249,1.222621264,1.198700585,1.003710417,1.061492798,0.705836661,0.559817632,0.542595007,0.576548175,0.587145568,0.829351874,0.607426216,0.575362697,0.543497437,0.501862905,0.514675206,0.543622546,0.574066675,0.567427941,0.563772262,0.548526771,0.547743255,0.543498418,0.558740572,0.596330814,0.609780205,0.613621758,0.613749815,0.612341264,0.618866052,0.63319967
ISL,Iceland,0.429561562,0.427385234,0.332145352,0.339777106,0.340781454,0.32306055,0.33638269,0.312250983,0.303224801,0.295980943,0.289857557,0.286469622,0.298567627,0.290345159,0.27477017,0.257045882,0.250577885,0.248411844,0.258848102,0.280615,0.285056783,0.272188224,0.268980451,0.259436364,0.241910937,0.242402816,0.206649676,0.206910256,0.197156705,0.186610689,0.191261973,0.188824878,0.173911375,0.159506599
ISR,"Israel and Palestine, State of",0.366481123,0.349966526,0.349926837,0.341848488,0.330177072,0.327150452,0.328084454,0.324265199,0.315308016,0.312045804,0.311211247,0.312499771,0.329889972,0.331445509,0.313168178,0.290057443,0.288362534,0.281840405,0.276409433,0.267326162,0.271769751,0.256844923,0.270225816,0.234031138,0.218715006,0.223099228,0.21384251,0.205543399,0.189746883,0.188039526,0.184249271,0.17047889,0.164492383,0.159651852
ITA,"Italy, San Marino and the Holy See",0.210318979,0.206253088,0.202837017,0.20161281,0.1955428,0.200064089,0.196051073,0.193963192,0.194070471,0.193559519,0.188955083,0.184114524,0.186847268,0.193269964,0.19387155,0.19278896,0.18547677,0.180558852,0.177274212,0.169475476,0.170289808,0.165233741,0.163886138,0.15529112,0.148162575,0.149867596,0.146207243,0.143064353,0.140046186,0.13636248,0.135507733,0.137722367,0.131375924,0.120813473
JAM,Jamaica,0.442082789,0.421098176,0.449032827,0.417210359,0.413488749,0.417723592,0.431576476,0.444091918,0.475867255,0.483023796,0.480897161,0.47718013,0.466060282,0.463506477,0.456240647,0.451576431,0.488686432,0.478114562,0.396568662,0.345837207,0.336412357,0.328269745,0.308610805,0.324344253,0.312843505,0.305248682,0.320037598,0.30637952,0.349817444,0.3379863,0.275756557,0.284515211,0.267734398,0.279311851
JOR,Jordan,0.441470454,0.445879028,0.456723766,0.454523495,0.448378721,0.448231769,0.448257505,0.447855387,0.442508426,0.431643585,0.45278694,0.43503207,0.430370297,0.42630648,0.421682947,0.417789047,0.392339723,0.378531715,0.348560369,0.338558783,0.327215683,0.328254018,0.365580491,0.353109082,0.365675921,0.357175201,0.352101192,0.35974393,0.343094303,0.324453073,0.309226398,0.309908856,0.305747046,0.312787498
JPN,Japan,0.300784059,0.293734584,0.293252898,0.293988727,0.304120734,0.300254081,0.293913753,0.287235429,0.279408496,0.286598657,0.279634043,0.274193985,0.279663701,0.276287762,0.268570876,0.26555922,0.256407992,0.259049072,0.248022894,0.249525248,0.251539714,0.260940007,0.264374943,0.262246533,0.2519249,0.240436242,0.238237594,0.231753367,0.223225053,0.217099442,0.214084427,0.211066771,0.195944833,0.180694115
KAZ,Kazakhstan,1.20143373,1.37390292,1.46873404,1.412248025,1.442273376,1.365528132,1.196135491,1.026283441,1.043587537,0.934405012,0.883233083,0.776791139,0.771300797,0.778480455,0.758851351,0.737408542,0.738694051,0.707821448,0.794419628,0.717433752,0.715885973,0.710167869,0.673459269,0.671067736,0.54784089,0.484292007,0.50096746,0.509571249,0.495476044,0.455383135,0.481745865,0.4968918,0.478063999,0.454061989
KEN,Kenya,0.40101093,0.386418915,0.393864289,0.39642696,0.39211619,0.381692678,0.358836402,0.356565267,0.353874543,0.370040575,0.358620865,0.353546263,0.371369937,0.371362724,0.386789129,0.383050916,0.351360274,0.45515649,0.484284155,0.462188875,0.44814064,0.43084467,0.403560011,0.390384781,0.383032015,0.375060136,0.387389741,0.360920758,0.350553058,0.366327387,0.410557049,0.358324874,0.350072125,0.343805993
KGZ,Kyrgyzstan,1.246720964,1.243146841,1.066611581,1.017456832,0.958690937,0.777823647,0.781823997,0.734822252,0.742223923,0.647571976,0.612106381,0.537429259,0.595513944,0.590498813,0.549094404,0.554516793,0.531554989,0.54598386,0.55699498,0.537008791,0.529139339,0.571447154,0.649337053,0.582139802,0.586922563,0.578680097,0.54756814,0.532386891,0.568437953,0.520146262,0.537053744,0.54425994,0.500248425,0.477296272
KHM,Cambodia,1.253073357,1.125850487,1.072257587,1.069367594,1.483773864,1.669766794,1.568210412,1.534419909,1.469140688,1.328523235,1.17670875,1.12209008,1.061240577,1.059346022,0.945072823,0.906710947,0.864238279,0.813744123,0.781705552,0.817073046,0.783692135,0.761075853,0.702310644,0.651144194,0.640181243,0.626364287,0.626700537,0.61407543,0.583213646,0.590090118,0.618750299,0.621899863,0.584043362,0.567807779
KIR,Kiribati,0.20112687,0.215699243,0.18362324,0.185972036,0.186345983,0.172556361,0.175502755,0.177863988,0.175751755,0.184151835,0.238755163,0.232890865,0.300129398,0.311164927,0.322722476,0.393965777,0.393989569,0.365627499,0.410603713,0.363029756,0.374972859,0.34646525,0.32521389,0.320638284,0.320289567,0.295208665,0.294598923,0.319148093,0.314987428,0.31521834,0.322446566,0.308672717,0.310996034,0.307144239
KNA,Saint Kitts and Nevis,0.103313643,0.117538231,0.114960452,0.115549713,0.119594662,0.10451068,0.107325922,0.104831961,0.10619347,0.103295689,0.104713901,0.100975759,0.1074894,0.114737079,0.117281336,0.101514321,0.103852805,0.11110607,0.104438683,0.116794142,0.123821152,0.103956934,0.099435987,0.103122552,0.100170806,0.103735323,0.106628478,0.101100586,0.10311503,0.111766486,0.113084263,0.12589291,0.119021143,0.121346562
KOR,South Korea,0.546188031,0.538050135,0.536176693,0.534736213,0.525179202,0.517244847,0.510582835,0.509305176,0.461231299,0.449898155,0.454796314,0.4373833,0.41098004,0.39981751,0.395141693,0.378766324,0.364384623,0.352782634,0.34703163,0.3495012,0.355151753,0.357737429,0.351936233,0.339700086,0.327095263,0.326460925,0.324729535,0.319195969,0.31210741,0.297447343,0.28584804,0.282567964,0.259018893,0.250015397
KWT,Kuwait,0.793274512,1.219940427,0.668639452,0.698440208,0.730633323,0.676200872,0.676703776,0.703660512,0.690020765,0.722163322,0.765493461,0.779930111,0.784174566,0.742522648,0.705142757,0.706345099,0.675866686,0.61739852,0.626086557,0.665758516,0.699868354,0.674409356,0.651895025,0.656122772,0.645275896,0.662607993,0.666085919,0.688256795,0.688276189,0.68564848,0.717973605,0.747519604,0.738122953,0.76652862
LAO,Laos,0.92789659,0.868779476,0.854324958,0.813730647,0.794231133,0.739989101,0.708959446,0.684744694,0.633901067,0.591916483,0.620629091,0.611201709,0.593055446,0.576814075,0.567221929,0.521109709,0.505130305,0.490074759,0.480064247,0.480970386,0.471285075,0.436399808,0.434261622,0.41708441,0.409328671,0.491218102,0.616045647,0.640632493,0.613066532,0.576523434,0.586980585,0.64414663,0.647879386,0.65536175
LBN,Lebanon,0.403873488,0.326550166,0.30068666,0.367728693,0.369260268,0.397481993,0.37140723,0.399971114,0.385492285,0.398720613,0.362534147,0.376440499,0.3660808,0.359170845,0.343625913,0.334783406,0.324049773,0.279541542,0.303344134,0.317430201,0.283971327,0.287961756,0.311277732,0.298149441,0.312805464,0.334422701,0.341864259,0.355885183,0.346005502,0.369142783,0.399422502,0.357603922,0.363599036,0.374858915
LBR,Liberia,0.412202843,0.427137991,0.607210712,0.853170509,1.063311428,1.132504054,1.078376531,0.560830369,0.476036569,0.433474693,0.381376366,0.378629645,0.374297632,0.556085915,0.567469678,0.590294999,0.603008022,0.528418959,0.491498065,0.491495234,0.509288981,0.491924095,0.474510726,0.431515524,0.471378028,0.484290747,0.50970612,0.473948586,0.492748876,0.530450583,0.564904873,0.545414932,0.537961934,0.510167013
LBY,Libya,0.983970038,0.827533287,0.796668517,0.787535449,0.936584995,1.062505697,1.085833455,0.909528503,0.902657126,0.877711847,0.887379848,0.868499703,0.879290279,0.864165032,0.815651794,0.785864879,0.726011663,0.639880932,0.669553324,0.698389086,0.703726212,0.836190828,0.71205604,0.790561842,0.911224491,0.822245685,0.792991741,0.719872971,0.719172591,0.793130655,1.333491724,0.73622139,0.71758789,0.786624753
LCA,Saint Lucia,0.063301807,0.063410412,0.059183607,0.058248181,0.063237335,0.064161976,0.063375905,0.066650909,0.066254644,0.068845533,0.073075785,0.077458353,0.074474679,0.076475178,0.069869435,0.071362738,0.07066945,0.07260619,0.071943905,0.07724963,0.082699095,0.068834796,0.071322685,0.07916635,0.082577049,0.084391397,0.086023875,0.085141944,0.080917085,0.114531167,0.13284373,0.127356508,0.109179485,0.110531074
LKA,Sri Lanka,0.282765336,0.259846102,0.262577688,0.249530253,0.252081493,0.236731173,0.234179931,0.220497952,0.206935226,0.214001029,0.210614923,0.208815989,0.207860206,0.208704876,0.192278323,0.199183793,0.177655616,0.168346678,0.165798239,0.152772602,0.151593436,0.150011717,0.146164716,0.131548328,0.126381462,0.137711503,0.139850559,0.12231416,0.121949559,0.126155626,0.130745647,0.127916101,0.128190894,0.133749982
LSO,Lesotho,0.828574779,0.789868135,0.793946786,0.754324733,0.69502043,0.658703783,0.600807742,0.601392055,0.525047996,0.67969537,0.69114841,0.669799988,0.631374975,0.612170792,0.601062824,0.618429737,0.584636531,0.588333631,0.530680315,0.557387442,0.528655786,0.510884847,0.490460942,0.463237327,0.454175317,0.431815937,0.420241998,0.464288425,0.444080079,0.434549463,0.430798641,0.440051104,0.456090497,0.443376391
LTU,Lithuania,0.595991952,0.652485111,0.533506876,0.50635517,0.525065701,0.482854693,0.469873651,0.424971216,0.412607474,0.36447811,0.323337584,0.314720975,0.302680523,0.275049685,0.269724801,0.263108198,0.248393431,0.245632763,0.24633392,0.253567422,0.260380256,0.254960591,0.249052941,0.225228539,0.218316967,0.221452047,0.21070539,0.205314983,0.195053048,0.188039208,0.185450082,0.173056844,0.156231268,0.155854279
LUX,Luxembourg,0.410089268,0.392354004,0.377315097,0.369272902,0.330908019,0.263377775,0.261353629,0.232882008,0.201064021,0.19422735,0.194204067,0.198644037,0.205150777,0.207278233,0.223692087,0.222024527,0.206330411,0.182237706,0.180984794,0.177725123,0.180825457,0.17667916,0.170283786,0.157611926,0.146846934,0.136484568,0.126858157,0.127126725,0.128884485,0.127012137,0.107252063,0.104287283,0.090781163,0.088791052
LVA,Latvia,0.560762154,0.60001078,0.741445367,0.661292557,0.533419202,0.469480308,0.45660357,0.401619951,0.360585381,0.329672686,0.286851682,0.285662877,0.268351093,0.255339423,0.239978016,0.22195489,0.210134537,0.19910659,0.195718011,0.214783033,0.245409483,0.229606009,0.214076266,0.205941344,0.199631065,0.196652348,0.192538271,0.184478361,0.185896304,0.182057723,0.179390657,0.171186604,0.155328006,0.153997247
MAC,Macao,0.054419359,0.053849931,0.053685471,0.056603058,0.059259255,0.052081337,0.060257414,0.064197527,0.073937614,0.079878063,0.06392915,0.066596118,0.06694815,0.060782876,0.055451588,0.051613826,0.045287372,0.037617711,0.030336177,0.031729917,0.025669239,0.020764192,0.019616452,0.01838585,0.021511292,0.036020964,0.034591966,0.038054516,0.028245918,0.031254055,0.072462881,0.057395583,0.076023533,0.043417911
MAR,Morocco,0.391427267,0.373257412,0.394850766,0.396027438,0.381345499,0.414150684,0.371795953,0.396296209,0.37700817,0.387195465,0.38714613,0.383717937,0.379559983,0.360665478,0.377291071,0.376850897,0.356655635,0.349241482,0.347131142,0.334708925,0.339978345,0.343740061,0.344225174,0.334041404,0.330778423,0.324922679,0.324543675,0.32189894,0.318766822,0.332490135,0.345036783,0.338317462,0.32545377,0.315877378
MDA,Moldova,0.789408544,0.776821531,0.897144501,0.775268459,0.963056975,0.869312598,0.818842043,0.731391879,0.709841866,0.644644384,0.589372643,0.566221003,0.537270301,0.532708708,0.496196496,0.475625624,0.446270683,0.4279276,0.384809657,0.40261521,0.414804097,0.39895153,0.388330173,0.338207174,0.3389057,0.348641335,0.341269196,0.328311704,0.333870851,0.323941318,0.344543784,0.324401495,0.335041075,0.347519138
MDG,Madagascar,1.004606325,1.073447578,1.074312655,1.073714233,1.057015447,1.060095304,1.039247186,1.011378615,0.990404159,0.95106026,0.916634816,0.799243545,0.844459334,0.804213854,0.78247671,0.823298703,0.789384217,0.762879611,0.727681514,0.766365218,0.777432443,0.76903215,0.779870399,0.747414962,0.761303764,0.747051939,0.719816889,0.703943053,0.654513334,0.667302678,0.706488325,0.695192689,0.675470851,0.646775276
MDV,Maldives,0.067870519,0.068948763,0.069777241,0.075362073,0.132027021,0.140310308,0.132817091,0.111226359,0.11590011,0.109615755,0.182491724,0.170122628,0.190210003,0.144569204,0.172027493,0.181312997,0.17736917,0.174016013,0.173754158,0.195010983,0.195307396,0.194554062,0.236620225,0.247181788,0.305774484,0.217350518,0.221795762,0.218914226,0.232072038,0.249456175,0.378284377,0.28793388,0.266514511,0.265038987
MEX,Mexico,0.305430252,0.305695981,0.296855032,0.297202201,0.300538019,0.307275748,0.301273389,0.295583604,0.292431928,0.277884385,0.276554534,0.276070631,0.279786031,0.288264982,0.282862367,0.287096936,0.28341691,0.2829104,0.282906619,0.296596686,0.289969788,0.285771549,0.283010421,0.277703152,0.26677654,0.263613587,0.262923389,0.260388008,0.247290907,0.251939709,0.25427782,0.250437798,0.247028535,0.24784961
MKD,North Macedonia,0.535413194,0.511244744,0.490844554,0.539412289,0.537818684,0.537378361,0.60559417,0.543989196,0.563676818,0.500880225,0.464982293,0.484165196,0.454258454,0.475548893,0.460613245,0.456835835,0.424062366,0.423404043,0.396572248,0.36375712,0.356913045,0.383398822,0.367084309,0.331565747,0.307008576,0.284495925,0.268844924,0.277646407,0.258202636,0.274448487,0.261739644,0.249165219,0.261859822,0.2678848
MLI,Mali,0.929811059,0.843804313,0.862863774,0.848136425,0.84408251,0.863225282,0.82775626,0.797108996,0.778178182,0.768915556,0.816894757,0.749549418,0.766721878,0.738298479,0.750897914,0.743288103,0.716993731,0.736003727,0.743861584,0.749781417,0.753559408,0.751875276,0.787719999,0.815409718,0.787767176,0.789642717,0.82243542,0.833477681,0.833521592,0.819370387,0.852739683,0.864262204,0.824360753,0.794328895
MLT,Malta,0.380411204,0.343848068,0.323994803,0.39507708,0.336993243,0.301469552,0.284483529,0.286691826,0.262890316,0.255091296,0.190461862,0.223252545,0.203418362,0.218478614,0.217517718,0.21478176,0.214317433,0.210303671,0.204595893,0.193649007,0.189410629,0.190128009,0.187853265,0.158595519,0.147032656,0.100618857,0.083490918,0.083892192,0.077479545,0.075921767,0.080255763,0.07159608,0.070463034,0.064239797
MMR,Myanmar/Burma,2.181995356,2.140552545,2.066126789,2.019703446,1.949532197,1.904568525,1.763708023,1.621262912,1.554908984,1.501573896,1.351112964,1.224482642,1.1209318,1.051158718,0.956698343,0.890880708,0.823335279,0.749944235,0.671951377,0.61085429,0.567679309,0.53251586,0.50560517,0.480283362,0.465340572,0.448937307,0.443150614,0.470054787,0.369121613,0.346722665,0.38552431,0.431198258,0.411431124,0.396125417
MNG,Mongolia,1.84745688,2.256926713,2.290150287,2.248717511,2.028333997,1.9758166,1.828520185,1.78162587,1.778565806,1.775093882,1.809497464,1.603041887,1.391135592,1.258751052,1.134168559,1.296977305,1.355374218,1.350333731,1.279975755,1.436320088,1.469334041,1.435345129,1.31335349,1.240879454,1.22812241,1.151010151,1.317326705,1.402586679,1.366903106,1.392596057,1.330653939,1.34444377,1.272138932,1.487702462
MOZ,Mozambique,1.232896585,1.133190986,1.272509122,1.168865013,1.140471136,1.147575265,1.059635728,0.829279915,0.921572819,0.78915443,0.840458954,0.790803098,0.771580485,0.747038794,0.722050381,0.744365988,0.667809524,0.646509998,0.589188951,0.524277037,0.522732312,0.648894236,0.694970217,0.695383071,0.680273306,0.628856926,0.656184818,0.697452783,0.743479115,0.666910626,0.631766252,0.690854362,0.714061299,0.670613476
MRT,Mauritania,0.617157338,0.640697484,0.737453041,0.707078074,0.727082065,0.673219435,0.662729838,0.723036781,0.731788035,0.755686679,0.698026869,0.732007598,0.753309498,0.723803072,0.690884889,0.650936501,0.584982622,0.582773837,0.573876312,0.602643605,0.599559684,0.595641514,0.596304139,0.57453597,0.581072262,0.566264358,0.555736813,0.570410772,0.556373983,0.569495586,0.583437833,0.583831757,0.559127623,0.543152837
MTQ,Martinique,,,,,,,,,,,,,,,,,,,,,,,,,,,,,,,,,,
MUS,Mauritius,0.194462209,0.194193776,0.19008387,0.192889518,0.18963627,0.18733032,0.184259617,0.175612002,0.178426527,0.202298266,0.205040357,0.207684322,0.203870073,0.197368874,0.191916735,0.197010308,0.226455073,0.220689211,0.215037362,0.20808844,0.211716358,0.204524021,0.202031212,0.201371111,0.201464295,0.196048653,0.192637021,0.193191166,0.186111223,0.183284075,0.199951403,0.203485408,0.190580359,0.184872859
MWI,Malawi,0.56663745,0.542251553,0.599021798,0.549944384,0.610350271,0.530589319,0.510936211,0.506876502,0.522866131,0.526124696,0.559738365,0.585620255,0.578432516,0.559899467,0.534129946,0.553241952,0.555262237,0.53967096,0.529113591,0.496441474,0.494856614,0.537509711,0.538842162,0.498419333,0.481695452,0.478340048,0.478837145,0.489153368,0.506419364,0.522852114,0.516895205,0.53589252,0.535955369,0.559458513
MYS,Malaysia,0.430860048,0.441182604,0.422967625,0.38802582,0.383652482,0.355954186,0.363214667,0.371085977,0.385927442,0.38740711,0.385076166,0.401833607,0.401715378,0.407380489,0.410711126,0.412333525,0.404149889,0.409351806,0.40964698,0.388416427,0.384005835,0.367791095,0.351033049,0.358643997,0.355817592,0.342092871,0.323537098,0.293359717,0.296218316,0.284509037,0.297677085,0.293181394,0.284242861,0.282502588
NAM,Namibia,0.657252917,0.616822231,0.572423925,0.575220452,0.581300826,0.568373657,0.565812319,0.563140843,0.566778423,0.560501872,0.583593148,0.611414674,0.55044086,0.543560276,0.491952553,0.578659291,0.465086976,0.442831295,0.473738144,0.470238398,0.443677082,0.428295683,0.459582765,0.418358166,0.420426317,0.40771754,0.439855253,0.428520116,0.418032451,0.425921166,0.42735016,0.445032389,0.444497373,0.430331521
NCL,New Caledonia,0.375791989,0.386305559,0.388275495,0.394291384,0.395570054,0.346456824,0.381325404,0.350800814,0.354082163,0.329999513,0.399573449,0.393035201,0.421149656,0.430410979,0.373832161,0.393751251,0.371694439,0.370511192,0.35780671,0.351644092,0.417272886,0.404606677,0.400800269,0.43242264,0.513595049,0.490067166,0.512362476,0.49079535,0.62954829,0.663789468,0.782517806,0.708645072,0.674974191,0.657178512
NER,Niger,0.920026376,0.959368059,0.97630318,1.032113279,1.044678638,1.061511841,1.114866009,1.156310486,1.097653002,1.14259223,1.183468408,1.154273235,1.148175923,1.17447658,1.221943013,1.180941233,1.154451933,1.165524137,1.12660695,1.155171088,1.054205515,1.064825828,1.033678075,1.032790298,1.014516779,1.007530012,0.996352968,0.986198162,0.965068729,0.958887736,0.969561356,1.007399869,0.941189421,0.950033364
NGA,Nigeria,0.784943188,0.82616714,0.854836778,0.883160595,0.969673038,1.059617333,1.173741653,1.074584019,0.966722048,0.930535356,0.974589689,0.937339821,0.71053647,0.729239405,0.653909449,0.603220851,0.529717616,0.466188759,0.442432797,0.388889663,0.38723087,0.391354503,0.379860861,0.36138935,0.349344952,0.334783243,0.336602262,0.33880837,0.341844065,0.34617078,0.329262453,0.322306962,0.30680022,0.302153069
NIC,Nicaragua,0.582296705,0.518638488,0.568499483,0.607121233,0.607100076,0.547760424,0.517565422,0.530475432,0.529896517,0.536395267,0.535301501,0.529431638,0.536654582,0.552173919,0.521390468,0.50222549,0.50263402,0.486155842,0.465819762,0.483914041,0.476203805,0.477396245,0.461780492,0.441689406,0.439423101,0.447970461,0.434654957,0.416555788,0.419152763,0.442798815,0.448395538,0.419519122,0.413783016,0.403777223
NLD,Netherlands,0.346752411,0.346643064,0.339167844,0.339880928,0.332897792,0.327051844,0.330984186,0.30475411,0.2911172,0.26494647,0.252418152,0.245553272,0.243574367,0.24597011,0.24380339,0.232227753,0.220827132,0.212952218,0.20410857,0.206085885,0.214785029,0.198868674,0.198170707,0.196314896,0.185741209,0.189721506,0.187543644,0.17890709,0.169294752,0.161164315,0.152550405,0.147208848,0.130156497,0.121600065
NOR,Norway,0.225143189,0.204677102,0.196384654,0.200816079,0.199854002,0.18999076,0.18256631,0.181687641,0.181468265,0.182371293,0.162823879,0.162062815,0.157098973,0.165959723,0.161417157,0.150481503,0.149161031,0.148091317,0.151431278,0.146826871,0.153325907,0.147991254,0.140005733,0.14033865,0.1372943,0.137187966,0.134155744,0.130828236,0.129032407,0.124134942,0.123060264,0.120019147,0.115188479,0.113541396
NPL,Nepal,0.861140893,0.775058529,0.782483953,0.739655314,0.726078431,0.717219147,0.685133005,0.659487402,0.650276255,0.636118459,0.596926179,0.581741559,0.574550112,0.569185843,0.537277336,0.530327975,0.499985403,0.502442786,0.484549788,0.477245032,0.471779536,0.472505535,0.45405235,0.454687618,0.434432279,0.414710302,0.463074862,0.443092325,0.431245637,0.394264331,0.429197689,0.413283813,0.394562713,0.393812118
NZL,New Zealand,0.693747982,0.704391343,0.708429581,0.671660205,0.658353066,0.640726395,0.623988106,0.628412844,0.608670502,0.594079898,0.584159858,0.582357911,0.567620083,0.551625132,0.5299218,0.515587929,0.504844143,0.483049131,0.487119682,0.475321935,0.470582095,0.457611101,0.461241035,0.442635465,0.434248169,0.413193101,0.397260123,0.390095777,0.375219608,0.37037729,0.359804992,0.343282723,0.329379984,0.330532379
OMN,Oman,0.560239314,0.643163201,0.573609318,0.52656184,0.495727193,0.508338152,0.516939131,0.52738356,0.480865405,0.529127316,0.523179755,0.537869267,0.569508684,0.63449125,0.609728737,0.598581884,0.629837578,0.618074649,0.566562535,0.549633652,0.572255212,0.6223658,0.630833302,0.628460854,0.650072696,0.65236588,0.640626287,0.640410238,0.651701649,0.665550581,0.663199702,0.681064533,0.682246829,0.685324517
PAK,Pakistan,0.542130857,0.519307538,0.505432835,0.525959072,0.51706198,0.515873997,0.511467856,0.518969992,0.516653194,0.522892818,0.510698634,0.497359028,0.49414827,0.488317582,0.483521595,0.462844943,0.465577132,0.473974797,0.467839535,0.464618583,0.448029574,0.446471013,0.436993816,0.436022609,0.436005341,0.428982511,0.431499591,0.434981263,0.406633887,0.400023164,0.435718955,0.428717997,0.398071738,0.39535986
PAN,Panama,0.252533259,0.246545326,0.249556331,0.240555885,0.243134399,0.248205991,0.239299393,0.22487207,0.239056854,0.2131633,0.211140127,0.242217333,0.2220758,0.215008919,0.200216606,0.218004445,0.208258135,0.18489937,0.168194642,0.185428535,0.182452976,0.175460089,0.164297419,0.152638631,0.148303547,0.138527549,0.133406226,0.122681317,0.117892191,0.136706789,0.136216309,0.128157884,0.123888172,0.133120938
PER,Peru,0.321040765,0.3081564,0.314989834,0.311174598,0.284971404,0.290254342,0.29829481,0.280137346,0.281996259,0.291296482,0.285405655,0.270201565,0.264355856,0.254305188,0.258719669,0.247632263,0.228864735,0.22232341,0.214750534,0.223568757,0.2186762,0.216092738,0.204217958,0.197841552,0.199848528,0.198030534,0.19602649,0.187047763,0.180122396,0.183684861,0.181279447,0.173620478,0.177136698,0.181686182
PHL,Philippines,0.35740632,0.358007933,0.363047532,0.370330691,0.375530785,0.396596086,0.391220603,0.395851677,0.37833665,0.380032898,0.366415746,0.352285366,0.346694551,0.336951355,0.32337232,0.316543567,0.285826924,0.284607681,0.277008891,0.278070034,0.268670958,0.260599115,0.251436286,0.24972597,0.244803643,0.242044284,0.239622397,0.243697017,0.235400654,0.229294645,0.24201499,0.239973859,0.226880716,0.225175551
PLW,Palau,8.605094418,8.141808546,7.95682117,9.285264929,12.94999816,9.161822006,7.809364949,8.560575922,7.584103891,8.552423213,7.565707736,7.871527249,4.557969109,5.59826902,4.791754673,5.348974456,5.237264334,4.180051852,4.476005594,7.440437684,7.249309603,7.710437924,11.49324706,5.991534781,4.001211394,3.455559858,3.281657013,3.556791751,3.623139838,3.701364428,4.032012868,4.885605316,5.158890988,5.274605694
PNG,Papua New Guinea,0.329615514,0.311060811,0.301705472,0.26272347,0.24778022,0.253988674,0.242179079,0.248774154,0.43643547,0.276434983,0.329680487,0.334049253,0.373751818,0.376395389,0.392594516,0.436651566,0.441245351,0.372786421,0.399473088,0.306373532,0.239182602,0.245477091,0.227514299,0.232965047,0.252639509,0.265520867,0.270146071,0.258183929,0.260415056,0.2619924,0.240144368,0.232862429,0.227533716,0.224734116
POL,Poland,1.03215998,1.08639672,1.02990695,0.985254836,0.922527401,0.862489963,0.837316309,0.770924323,0.678835096,0.6287193,0.578860803,0.563047035,0.541282169,0.536451573,0.511123125,0.494032319,0.481272327,0.447188413,0.420446941,0.392527971,0.399545804,0.377312592,0.367084626,0.357861221,0.331656917,0.319339904,0.319321412,0.314175885,0.295976236,0.270742344,0.26430793,0.265219153,0.246193077,0.225113727
PRI,Puerto Rico,0.229941794,0.230497143,0.224639591,0.220050089,0.217811783,0.211401275,0.209356698,0.205101704,0.197675462,0.201962327,0.195942933,0.18207033,0.149839184,0.191373179,0.176211453,0.180490957,0.12428541,0.131866875,0.11732115,0.109972771,0.106285802,0.094543299,0.091842139,0.089351213,0.09435529,0.09912498,0.095066731,0.099317553,0.118641393,0.108122032,0.111284273,0.112492009,0.108541509,0.116551001
PRK,North Korea,0.920901752,0.934067873,0.90951854,0.886924128,0.82413248,0.803490982,0.762683197,0.800351999,0.68910262,0.748278539,0.797740966,0.852951458,0.822796237,0.84026589,0.860739458,0.899585067,0.897439656,0.781106297,0.859971454,0.80521106,0.864543884,0.735727282,0.699251268,0.595009324,0.622248791,0.531248333,0.574106318,0.881443702,0.803193203,0.872842695,0.827506716,0.709938778,0.732957913,0.771073037
PRT,Portugal,0.215813344,0.212397815,0.22331126,0.223877854,0.229697571,0.231839974,0.220533235,0.219802275,0.224261024,0.236073477,0.224362887,0.216156899,0.226414679,0.214594773,0.215121137,0.221244649,0.205625053,0.196619787,0.189601113,0.193024887,0.176293787,0.174252399,0.176386674,0.172844807,0.170828974,0.179469478,0.173582018,0.181308356,0.166769283,0.152236235,0.151168937,0.138825054,0.130951644,0.120737272
PRY,Paraguay,0.517451041,0.468079602,0.482007842,0.502548269,0.507136845,0.511268297,0.502622303,0.48935628,0.492001886,0.489414212,0.487863178,0.503127652,0.486743544,0.50271124,0.466590184,0.460374495,0.470269169,0.479291943,0.467788196,0.508074055,0.498047308,0.482442222,0.501399731,0.471774102,0.475240101,0.458642356,0.443636178,0.435859118,0.417957786,0.423534451,0.429903435,0.421833374,0.403328095,0.385334293
PYF,French Polynesia,0.205297252,0.201130915,0.207051484,0.208704634,0.172563386,0.163247703,0.160547963,0.165074846,0.16452412,0.158886098,0.142652214,0.161208274,0.165347131,0.167720182,0.156494086,0.16298123,0.152698645,0.16056679,0.163994299,0.165294018,0.178781059,0.178832238,0.175241071,0.186442129,0.183345385,0.183812033,0.182007096,0.17741037,0.180282727,0.179360589,0.209082652,0.22795457,0.218210038,0.208131639
QAT,Qatar,0.834240056,0.876095151,0.832980707,0.852872546,0.874005434,0.844023882,0.956554856,1.076318649,0.995776721,1.0291248,0.998229138,0.903967798,0.890788778,0.941593734,0.800393781,0.738188058,0.636227181,0.604191329,0.548466219,0.499067807,0.449307717,0.45244301,0.469464437,0.486409414,0.493446544,0.483932095,0.470511469,0.476093941,0.473163847,0.477274914,0.486680847,0.489071378,0.473698003,0.498455253
REU,Réunion,,,,,,,,,,,,,,,,,,,,,,,,,,,,,,,,,,
ROU,Romania,0.633840921,0.594037109,0.593939673,0.552775824,0.51929466,0.50273495,0.494672988,0.481464875,0.437554886,0.386434836,0.389986647,0.387532163,0.366173039,0.368710588,0.333686705,0.314340086,0.304761125,0.279883663,0.251989838,0.225087772,0.231543881,0.232874831,0.223434883,0.207748198,0.200564076,0.196331592,0.190758472,0.181721006,0.173383587,0.164361108,0.161270327,0.159543569,0.146796585,0.137095499
RUS,Russia,0.691879993,0.711851148,0.765543076,0.76687762,0.793727032,0.802943238,0.810449906,0.748547386,0.786472292,0.760656452,0.701682542,0.670216624,0.638149249,0.613538958,0.575952768,0.542379631,0.510160274,0.472957006,0.447782853,0.460898599,0.461785779,0.46178231,0.445112734,0.428093718,0.422649029,0.434031521,0.431139907,0.433067139,0.440176449,0.445297464,0.441367161,0.444479783,0.46697756,0.459437323
RWA,Rwanda,0.67329439,0.66267492,0.587234416,0.605901123,1.239488582,0.91827982,0.85409575,0.83457619,0.526741717,0.543243899,0.477413317,0.457458103,0.424048838,0.427796811,0.411418852,0.382133207,0.370536318,0.352590375,0.329887242,0.319120578,0.312453293,0.287399891,0.272403445,0.268951228,0.256324365,0.260555996,0.246856118,0.242835627,0.232943372,0.217862459,0.228807066,0.210757599,0.189475607,0.175481872
SAU,Saudi Arabia,0.350202429,0.32434364,0.330971795,0.348198136,0.367509952,0.362621296,0.373964911,0.376892866,0.384952645,0.401523377,0.401888458,0.420932171,0.454507751,0.437629523,0.427638034,0.430891018,0.440913796,0.45248578,0.456678905,0.483212329,0.496907369,0.470660992,0.471476611,0.465752507,0.476932143,0.476484677,0.47050361,0.463327189,0.439428466,0.435808746,0.448666959,0.437549234,0.426462478,0.439645839
SCG,Serbia and Montenegro,0.941771229,0.916621574,0.859098295,0.736655374,0.665428273,0.92820398,0.990431489,0.89586497,0.863325222,0.722861728,0.775191897,0.773997197,0.77291774,0.772318531,0.761847659,0.671384029,0.649999123,0.599776067,0.511358724,0.491639673,0.497209974,0.513690729,0.466439776,0.460881578,0.402139351,0.446023263,0.444243911,0.432929858,0.404501413,0.389269722,0.404573181,0.362640009,0.349721745,0.33090992
SDN,Sudan and South Sudan,0.92074828,0.871586442,0.885821845,0.887102358,0.962243782,0.915978607,0.895140144,0.780003443,0.781131239,0.792871632,0.783626372,0.777407083,0.759939396,0.738975765,0.720589884,0.706075289,0.6805934,0.66038452,0.644408412,0.673039396,0.652440204,0.656636398,0.732217384,0.710527533,0.691728957,0.698747581,0.707280761,0.704618556,0.748429261,0.762741401,0.787991648,0.807479129,0.806738964,0.912235912
SEN,Senegal,0.440627915,0.437918034,0.447923721,0.449281513,0.462234803,0.447288209,0.458854246,0.460998497,0.455037637,0.46153074,0.440040757,0.447425144,0.449482533,0.424316534,0.428686747,0.432811209,0.429866534,0.442232666,0.443720885,0.449546364,0.451260634,0.46282961,0.452255936,0.452326764,0.440672765,0.44418022,0.445520407,0.414795271,0.404603389,0.395309867,0.39974499,0.394661968,0.385862977,0.372743458
SGP,Singapore,0.244165934,0.242773951,0.232829627,0.242193137,0.23311105,0.224339597,0.217489812,0.207171765,0.230485677,0.209866507,0.20894215,0.216822169,0.182495886,0.169139404,0.162067609,0.144786868,0.133533927,0.123860339,0.119894609,0.122103485,0.120310941,0.117947827,0.109468154,0.110541011,0.109613459,0.10950285,0.102702,0.10630032,0.099697846,0.102027302,0.103828255,0.098547458,0.096215519,0.098429094
SHN,"Saint Helena, Ascension and Tristan da Cunha",,,,,,,,,,,,,,,,,,,,,,,,,,,,,,,,,,
SLB,Solomon Islands,0.393274022,0.381103497,0.360368833,0.352206126,0.333506183,0.291765152,0.291275256,0.300224344,0.302434081,0.308030829,0.412364117,0.472026453,0.502895722,0.484556615,0.46461236,0.449260736,0.437179371,0.446717886,0.42940369,0.419512034,0.408129746,0.393560232,0.388166608,0.386422954,0.37410286,0.346768539,0.325769455,0.324396656,0.329701162,0.329894424,0.347377942,0.350991722,0.356564497,0.355881712
SLE,Sierra Leone,0.645188568,0.652182897,0.729725366,0.72769429,0.727706252,0.787211784,0.785429112,0.85199687,0.840360747,0.850149689,0.743704731,0.844279881,0.728517991,0.699512921,0.707368156,0.725855672,0.777286461,0.627064868,0.619433703,0.63650894,0.626397991,0.63329436,0.59332368,0.502298998,0.500935511,0.577103682,0.569151566,0.547532162,0.598917615,0.485255894,0.504915943,0.546595758,0.489589199,0.474110684
SLV,El Salvador,0.223212179,0.246511128,0.245578278,0.238760931,0.247017671,0.240069145,0.236851449,0.25662132,0.247962225,0.2451463,0.231103152,0.241647107,0.241506732,0.247539967,0.254048721,0.253056874,0.25227758,0.252620385,0.231505558,0.231162928,0.219578012,0.209925093,0.208606395,0.189797592,0.19481538,0.198471419,0.19271771,0.177965461,0.178593461,0.189011492,0.185603503,0.179036913,0.180142307,0.181376414
SOM,Somalia,3.600044018,3.200789408,3.21004393,3.374937022,4.433847932,4.396183916,4.174735274,4.220327689,3.973510156,3.792210833,3.635712745,3.458556158,3.276543172,3.099100468,2.943208121,2.810053981,2.564208857,2.303865113,2.191727328,2.080915075,1.969412309,1.865298209,1.761122566,1.813751983,1.696028313,1.543286677,1.461533825,1.339016493,1.31666437,1.291567984,1.343491885,1.292880932,1.266251912,1.23336271
SPM,Saint Pierre and Miquelon,,,,,,,,,,,,,,,,,,,,,,,,,,,,,,,,,,
STP,São Tomé and Príncipe,0.172437864,0.200482699,0.184709126,0.181493306,0.199452177,0.201729,0.205205795,0.20525476,0.204147458,0.209827874,0.206917095,0.199520371,0.211531298,0.212166294,0.221386413,0.219471367,0.211402863,0.206430147,0.2053405,0.213253091,0.221218766,0.222545838,0.223551368,0.215196106,0.2037338,0.208441689,0.204534238,0.198769519,0.18869158,0.205757254,0.208602111,0.206568491,0.229940675,0.239463842
SUR,Suriname,0.332549769,0.358190649,0.375665793,0.380760943,0.361597715,0.3656928,0.360050745,0.333230784,0.326814224,0.319811025,0.328707367,0.318030792,0.238596383,0.250086301,0.245547295,0.262392676,0.234634948,0.213273323,0.212317651,0.214601021,0.22908547,0.234360693,0.262684805,0.246091982,0.271907998,0.287970164,0.324060858,0.276854039,0.239121974,0.277416209,0.323383575,0.331290436,0.315837493,0.316124827
SVK,Slovakia,0.8312976,0.843489502,0.839926962,0.799450278,0.716672072,0.677540153,0.643813563,0.600016706,0.565890298,0.554782789,0.524693778,0.513569908,0.488584008,0.469772651,0.443198534,0.416404299,0.386221784,0.342184659,0.322576951,0.312462511,0.310239713,0.291627516,0.274076351,0.274690396,0.25155588,0.244166929,0.244660019,0.249431339,0.237375698,0.219161462,0.21638885,0.227258807,0.216907137,0.210161663
SVN,Slovenia,0.419887568,0.429158228,0.429240893,0.429916841,0.404826258,0.407314085,0.407510267,0.401346615,0.38563344,0.354338251,0.336906993,0.355238458,0.354765504,0.341823717,0.335708545,0.326106287,0.310079031,0.288707603,0.286161215,0.280637635,0.278428662,0.262689009,0.261866152,0.262738571,0.235059673,0.232950509,0.234553931,0.227853775,0.216579244,0.202318839,0.196796621,0.183322025,0.170892317,0.156743371
SWE,Sweden,0.219521835,0.222099308,0.232573984,0.239263389,0.2389931,0.227700241,0.238746567,0.217225034,0.208766565,0.197308414,0.179280786,0.176212087,0.176389415,0.173066177,0.163092476,0.147803234,0.142150218,0.132614781,0.130170378,0.126269624,0.130081939,0.117562188,0.113046733,0.107963814,0.102605643,0.098275358,0.095955186,0.092301232,0.086116824,0.083938339,0.083686759,0.081692293,0.073972705,0.072622402
SWZ,Eswatini,0.683853714,0.687638831,0.635986147,0.546501663,0.678486079,0.642615585,0.580847192,0.575040281,0.551799347,0.570715917,0.516704349,0.48944726,0.472758996,0.460808763,0.449287575,0.420169895,0.386904491,0.379540413,0.368615565,0.358711056,0.312341342,0.291746603,0.278114191,0.288812788,0.287152989,0.284601864,0.289142485,0.278119578,0.27220522,0.272424671,0.275397905,0.257743955,0.265435718,0.256718154
SYC,Seychelles,0.294619984,0.39103648,0.313732915,0.294075163,0.300747605,0.316172066,0.296768269,0.279322981,0.277354959,0.279606837,0.49285293,0.547877345,0.493455124,0.527625131,0.74694531,0.626772695,0.626925817,0.475806699,0.520963009,0.588101818,0.509901252,0.403386048,0.44290001,0.398545573,0.434731316,0.419777758,0.415984651,0.40258793,0.343784129,0.346219093,0.412133899,0.417154158,0.380484632,0.379282142
SYR,Syria,1.381937414,1.454430814,1.276879711,1.269986675,1.231560488,1.174107131,1.109408155,1.040532912,0.998457435,1.025967162,1.044960177,0.94284493,0.856029385,0.8031778,0.761063219,0.831228719,0.807611831,0.798247603,0.761149237,0.697477314,0.660325978,0.611543824,0.653235879,0.638660721,0.638790108,0.638394743,0.66446028,0.700072186,0.697574952,0.671999656,0.660760441,0.644774702,0.646946917,0.663077043
TCA,Turks and Caicos Islands,0.045858849,0.042947541,0.04055647,0.037371211,0.034725385,0.033259341,0.030963328,0.029314495,0.028481013,0.027343771,0.052513227,0.051509391,0.066777636,0.056252395,0.055530409,0.057625751,0.059301206,0.067228001,0.069656271,0.094987564,0.10356102,0.078649061,0.082366549,0.092589736,0.093589215,0.088160746,0.088546047,0.090582776,0.088683061,0.097968001,0.109536807,0.109838477,0.103394057,0.106993887
TCD,Chad,2.316307454,2.241960443,2.162345532,2.643099808,2.528661114,2.617437853,2.659308553,2.607789074,2.572632919,2.731179504,2.875041421,2.698387361,2.622678786,2.451938987,2.023994826,1.820420096,1.889126308,1.918345272,1.94402147,1.958684696,1.825114932,1.911910481,1.868733088,1.860449803,1.832983927,1.93511659,2.172505142,2.369027032,2.445551574,2.500453134,2.673024491,2.820976199,2.921391543,2.939604959
TGO,Togo,0.380853252,0.371775185,0.351599503,0.409482654,0.420340601,0.380469456,0.42601063,0.358830578,0.407752302,0.44251919,0.445210958,0.440735364,0.440036637,0.441179794,0.448267098,0.486358386,0.471197934,0.483100554,0.505546398,0.592211806,0.552749042,0.516644025,0.516695955,0.480535277,0.441603007,0.420184053,0.444451482,0.423192647,0.42891924,0.422329187,0.444569171,0.442261862,0.432963711,0.412153415
THA,Thailand,0.455678941,0.446336516,0.43202394,0.421829437,0.412270926,0.403689543,0.407992558,0.427283384,0.424076245,0.419942114,0.401405371,0.404387894,0.395869069,0.38688157,0.387635142,0.38525006,0.372260522,0.365091789,0.361089398,0.362498136,0.356117777,0.352817582,0.343967028,0.3433454,0.331364189,0.322636787,0.313606027,0.303104779,0.289072067,0.286883249,0.303361676,0.295745414,0.297393848,0.290770375
TJK,Tajikistan,0.977011185,1.080109669,1.247764688,1.140284693,1.189421119,1.291548753,1.389489154,1.388694705,1.33482973,1.268190251,1.224463383,1.0647879,1.043063595,0.882126828,0.966993316,0.867827092,0.85784582,0.89025661,0.75331968,0.681699748,0.633366872,0.587919262,0.591820759,0.560609106,0.58443757,0.580450566,0.579657971,0.598734279,0.59884434,0.585073616,0.579429256,0.533024546,0.494033144,0.46136673
TKM,Turkmenistan,2.248197854,2.134882413,1.891716527,1.838514027,2.372953933,2.513987914,2.603485409,2.77586117,2.85352166,3.003061426,2.648136779,2.257005511,2.151255975,2.092477244,1.916291663,1.702602195,1.609725025,1.528190274,1.387415783,1.142008458,1.068290182,1.017935672,0.99836313,0.990735072,0.940135177,0.945237163,0.943072606,0.895931225,0.880074669,0.917690067,0.958238977,0.90265608,0.900096192,0.873798525
TLS,Timor-Leste,0.318337602,0.338477534,0.295076476,0.277118633,0.289394208,0.280294142,0.268675501,0.24774811,0.287748365,0.441778213,0.328454805,0.316483253,0.332525927,0.404533182,0.582325439,0.690193699,0.780227404,0.640030646,0.630362599,0.555967214,0.486802269,0.491203165,0.55041743,0.481191669,0.419180968,0.415626575,0.365979589,0.370070374,0.356299657,0.313293791,0.218896879,0.208117115,0.275485916,0.320365352
TON,Tonga,0.49547112,0.478790403,0.500621479,0.484538457,0.547830427,0.44961857,0.476501244,0.491853174,0.493770407,0.479785678,0.386845659,0.36540628,0.366805008,0.39222012,0.378159754,0.394373506,0.415990427,0.383210011,0.382051748,0.415690616,0.405073982,0.369209906,0.365166466,0.366326731,0.379581201,0.380934151,0.371110407,0.40752462,0.379789163,0.422288672,0.425132852,0.450819632,0.477271159,0.476236905
TTO,Trinidad and Tobago,1.061456552,1.044117772,0.96352721,0.957285767,1.023450683,0.953791971,0.94546962,0.872474715,0.973513099,0.924667697,0.898428188,0.966543242,0.96524913,0.964193681,0.949709,1.078048353,1.047553864,1.017752698,0.960412233,0.982321017,1.029955124,1.035948925,0.893645271,0.84746795,0.813092984,0.811861806,0.811060968,0.831314234,0.840655331,0.853707945,0.85713863,0.839677251,0.813497102,0.782646878
TUN,Tunisia,0.417390402,0.420078959,0.408282757,0.40825998,0.391778564,0.390136417,0.378023636,0.364440043,0.364333227,0.361870416,0.357768687,0.355321263,0.347965257,0.329344822,0.325232775,0.325649943,0.321687229,0.308505258,0.306175411,0.296248966,0.301889897,0.293656433,0.296550639,0.287592759,0.29262459,0.292767083,0.284031442,0.279245207,0.272038099,0.267864277,0.282000584,0.289037753,0.2773808,0.283646771
TUR,Türkiye,0.326411772,0.318719803,0.316721814,0.302444735,0.311461467,0.311126536,0.314117073,0.307026531,0.305005405,0.317092149,0.322769902,0.318730473,0.305830546,0.302334506,0.278562007,0.265242147,0.274887544,0.282621072,0.279093455,0.298753639,0.286820052,0.273186075,0.272440107,0.249353571,0.251429631,0.244284333,0.250244952,0.25302939,0.248055363,0.241650439,0.244194388,0.234628922,0.213147694,0.206519527
TWN,Taiwan,0.391312925,0.387609759,0.376065179,0.376145536,0.369648902,0.365440294,0.360773194,0.364590061,0.367684677,0.359071834,0.362104549,0.37921976,0.433317977,0.43062727,0.419551833,0.39142869,0.359011463,0.345382612,0.325595316,0.312389134,0.289974185,0.285542901,0.274428489,0.272253274,0.26387001,0.259256586,0.256413434,0.252478713,0.242407373,0.228046402,0.219551832,0.213210437,0.200588284,0.192904704
TZA,Tanzania,0.629113593,0.622459403,0.621864008,0.634329303,0.639241886,0.696221575,0.640946746,0.612284163,0.618713697,0.644654671,0.632497851,0.606804466,0.594901992,0.580126663,0.558152957,0.542435582,0.526151708,0.4913997,0.485583487,0.466107095,0.466942837,0.472248246,0.473812149,0.474758937,0.456097802,0.454404034,0.43870345,0.413035282,0.400117652,0.40059855,0.408415711,0.409208188,0.393628724,0.383744945
UGA,Uganda,0.795555232,0.783321322,0.776625168,0.736908419,0.6816625,0.633501523,0.595142925,0.582254709,0.576525125,0.547998927,0.54415222,0.532962713,0.511295528,0.500039568,0.481213008,0.475607629,0.446216505,0.432475922,0.513723915,0.499948809,0.487776842,0.46555001,0.462698704,0.458727783,0.455546712,0.454488247,0.452709896,0.443766198,0.435231332,0.425218657,0.421662811,0.430419813,0.411724971,0.393394697
UKR,Ukraine,0.815494718,0.839786783,0.825754356,0.852991456,0.93442092,1.036500735,0.998644131,0.986185634,0.953746567,0.950140259,0.884975478,0.811574512,0.777089706,0.759844268,0.643003978,0.607943971,0.562801866,0.536493866,0.506531628,0.50862227,0.517496727,0.529178889,0.517166871,0.506570736,0.49337823,0.463961833,0.46347124,0.41587598,0.420096412,0.395942747,0.398488606,0.377167414,0.407063517,0.385892846
URY,Uruguay,0.667997839,0.686727196,0.675600846,0.672615552,0.629395589,0.645130758,0.636054423,0.581173653,0.549491359,0.576417168,0.556648489,0.571696127,0.633229894,0.64530955,0.650555461,0.608014179,0.615178457,0.56410819,0.576039981,0.544371204,0.468622399,0.460113845,0.4506058,0.41780957,0.406103423,0.408964234,0.404378377,0.388869437,0.384851752,0.386413195,0.410794053,0.425697104,0.402553831,0.396153381
USA,United States,0.560302201,0.555715193,0.545348246,0.541161226,0.528925733,0.520203023,0.514156894,0.512873795,0.494109903,0.47187951,0.463665062,0.453875344,0.435552809,0.427847417,0.41758032,0.404274442,0.387145285,0.384674896,0.374563065,0.358618492,0.362590023,0.346366369,0.326061137,0.326489788,0.320385985,0.305459431,0.294184329,0.284605846,0.284746691,0.272412345,0.254325731,0.254202037,0.251394663,0.241697709
UZB,Uzbekistan,2.106483912,2.107493096,2.159341879,2.226000525,2.306010731,2.204812288,2.245039626,2.11880299,2.259211012,2.148496253,2.189788976,2.177517652,2.224059033,2.000541972,1.880855807,1.768752293,1.753502643,1.542038339,1.503214481,1.25978119,1.302872871,1.247311074,1.098369986,1.019498319,0.913147018,0.829257708,0.827339597,0.814586851,0.798705364,0.772731697,0.746189817,0.737998376,0.718270488,0.672145034
VCT,Saint Vincent and the Grenadines,0.093332776,0.089350487,0.091433362,0.08124743,0.108342724,0.106171778,0.098993634,0.106309713,0.109231079,0.10738061,0.082567285,0.087024099,0.088748672,0.086359141,0.086720101,0.086426437,0.086251092,0.087758638,0.090043891,0.120935824,0.107219115,0.088977883,0.100396693,0.093252896,0.09880416,0.097680367,0.097459845,0.100958581,0.093418962,0.092661655,0.083911604,0.088843875,0.083128203,0.081158801
VEN,Venezuela,0.335378639,0.315058824,0.298757934,0.305639717,0.338107547,0.330034901,0.358655744,0.345240156,0.352779149,0.367792624,0.37108337,0.368843642,0.406989495,0.431669817,0.381802689,0.359274898,0.330762734,0.302905648,0.300743023,0.308304709,0.319256743,0.30292941,0.3162871,0.311072202,0.321100772,0.320139131,0.36151331,0.402205482,0.463135426,0.563440017,0.584529568,0.57487366,0.568980837,0.579318732
VGB,British Virgin Islands,0.131364589,0.08879759,0.083033797,0.064823166,0.045581399,0.037776997,0.041442706,0.03315429,0.042516338,0.04312325,0.036794692,0.030194285,0.031216918,0.040484876,0.052084722,0.043936729,0.043171477,0.053722133,0.062755451,0.072417622,0.09248981,0.058663997,0.079906195,0.07362388,0.071625616,0.076616203,0.07913198,0.070184009,0.084410726,0.07651738,0.068579272,0.072199529,0.063976444,0.059149192
VNM,Viet Nam,0.645931038,0.633327185,0.598999075,0.583158749,0.564896444,0.546297864,0.528078877,0.508604558,0.510812519,0.503933504,0.489638049,0.474736993,0.484326535,0.474098939,0.492000694,0.483533916,0.465461135,0.460453205,0.45507066,0.464369873,0.462678344,0.438325845,0.414818056,0.40459352,0.399550567,0.400806248,0.400266873,0.381128039,0.409186818,0.430636757,0.42793129,0.411516879,0.367469349,0.387117295
VUT,Vanuatu,1.028184737,1.009548814,0.943751813,0.988467796,0.919689292,0.904473104,0.894911789,0.863796061,0.864883436,0.880581494,0.849422095,0.862834533,0.908227199,0.921582362,0.857448947,0.82809584,0.763928784,0.918740189,0.874478058,0.827014728,0.845860084,0.861839822,0.816326798,0.817492643,0.823573711,0.740240583,0.625779165,0.580309298,0.627707429,0.607769217,0.645456386,0.67092807,0.673632032,0.670523382
WSM,Samoa,0.437835251,0.454594581,0.444692998,0.457911219,0.47936999,0.425247065,0.399464468,0.402744727,0.402440095,0.394364989,0.431379262,0.433697407,0.418379763,0.403915503,0.390296607,0.37286351,0.365858608,0.37527631,0.365399193,0.376338897,0.378037184,0.373738016,0.392410752,0.403790624,0.407996056,0.435742172,0.408014463,0.399685446,0.387801937,0.386502619,0.395453257,0.464384489,0.505138721,0.475462682
YEM,Yemen,0.399922966,0.416380539,0.396138331,0.382020443,0.404271841,0.392625742,0.389508473,0.395781021,0.387362004,0.41361892,0.426949029,0.423662015,0.41163494,0.457989288,0.451512674,0.473383253,0.505792221,0.511733217,0.486909559,0.499182787,0.459212659,0.470369083,0.431236495,0.489407705,0.478463571,0.404562841,0.385793181,0.431516499,0.474333857,0.492452626,0.526319511,0.54056596,0.528505364,0.524137886
ZAF,South Africa,0.9242729,0.916223083,0.922134067,0.920664609,0.907354103,0.921010883,0.912703384,0.929039586,0.939044615,0.882789975,0.85590301,0.853698222,0.84890563,0.871079614,0.890026563,0.864133502,0.824428623,0.813727759,0.829587507,0.798240259,0.785896119,0.736120976,0.744626286,0.741996871,0.748180488,0.707421452,0.702750022,0.709028889,0.701387214,0.705161835,0.673826853,0.654578439,0.621373825,0.605013761
ZMB,Zambia,0.819908915,0.82991117,0.84605602,0.775235066,0.807173796,0.765204903,0.696365436,0.726254196,0.7377641,0.706087827,0.666626659,0.649927546,0.614783838,0.583424422,0.550891927,0.53647813,0.506933354,0.451816618,0.423742538,0.431430368,0.413645986,0.388485715,0.425690518,0.419695024,0.412382692,0.402597461,0.397952153,0.411546387,0.415797506,0.403421708,0.423010171,0.411361998,0.412935914,0.398527602
ZWE,Zimbabwe,0.810617307,0.767518013,0.866408985,0.747774984,0.66488977,0.661093251,0.627596848,0.591945181,0.592107019,0.659497619,0.643978672,0.638190936,0.644185164,0.692489044,0.712406776,0.793452614,0.789402767,0.819994721,0.897114559,0.824286867,0.767913002,0.829021041,0.655498339,0.639392259,0.585664606,0.595380564,0.554925566,0.523410369,0.534563242,0.541350621,0.55416193,0.551124416,0.534345639,0.529494336
,,,,,,,,,,,,,,,,,,,,,,,,,,,,,,,,,,,
EU27,EU27,0.343439305,0.335138369,0.320794957,0.316624023,0.307527032,0.302443165,0.303746577,0.290971191,0.279604819,0.267230118,0.257979453,0.253965785,0.249862378,0.252246836,0.245609662,0.238724468,0.230288489,0.221280331,0.21398556,0.208800409,0.210333972,0.201117957,0.19921951,0.195111425,0.184813676,0.18310514,0.179920478,0.175708214,0.168236393,0.158442042,0.15475251,0.154060374,0.144793766,0.133258895
,,,,,,,,,,,,,,,,,,,,,,,,,,,,,,,,,,,
GLOBAL TOTAL,GLOBAL TOTAL,0.543241982,0.539280324,0.531206766,0.524855053,0.517190435,0.514428153,0.505778682,0.492448229,0.481740935,0.468538537,0.458428332,0.451203342,0.444949536,0.447072775,0.442414169,0.43685193,0.427010879,0.418053539,0.409209139,0.408294123,0.408445618,0.404844255,0.39752252,0.39154137,0.381551605,0.368723668,0.359461985,0.35242916,0.348211476,0.340435136,0.337486384,0.331676313,0.323571224,0.319728901
