Substance,Macro-region,Sector,1990,1991,1992,1993,1994,1995,1996,1997,1998,1999,2000,2001,2002,2003,2004,2005,2006,2007,2008,2009,2010,2011,2012,2013,2014,2015,2016,2017,2018,2019,2020,2021,2022,2023
CO2,Africa,Deforestation,1356.088018,1356.888101,1363.322299,1356.097241,1354.52055,1362.475729,1362.312993,1363.118094,1360.61057,1365.004798,1365.624627,1372.701058,1383.986275,1397.074996,1419.590775,1440.541395,1424.665417,1436.151133,1457.079244,1467.702402,1502.271374,1983.973446,1998.763247,1996.60058,2004.081318,1607.36976,1624.969234,1624.214156,1631.465836,1636.420938,1636.763928,1635.736375,1635.736375,1635.736375
CO2,Africa,Fires,125.899474,108.3626779,122.6730405,193.6230941,124.3985262,124.3985262,138.6279397,47.5709069,125.6552937,158.8392561,273.5638932,173.0722869,163.1849234,117.8745421,118.7279223,132.4119295,139.8467058,131.5007864,176.0703387,122.3553505,206.3021038,316.0893026,225.6572649,134.6632174,88.52303065,98.35304707,105.0960119,141.4673173,88.3869728,77.70492046,147.9375102,244.1224856,178.4260116,212.5878907
GWP_100_AR5_CH4,Africa,Fires,374.247333,333.5941529,329.2164247,399.1803765,342.0558983,342.0558983,368.6739025,187.1692332,363.8991119,314.1613853,425.703966,363.7719157,297.7875279,295.8988423,292.6206498,326.7649479,285.0063188,290.6522236,308.5739681,320.927513,300.8502784,331.4414054,312.064318,289.1204086,229.0616225,271.4107494,293.5283989,276.0975077,324.9814815,284.1022923,250.2452796,231.3417941,249.5358807,209.7915331
GWP_100_AR5_N2O,Africa,Fires,117.8066222,111.6375247,117.5278702,123.4233031,110.9526732,110.9526732,126.4336264,63.85681399,120.6538059,113.1834883,137.7125526,119.4569037,87.9173291,103.0173032,93.40256975,111.2140972,98.21020349,101.6859584,104.4547415,91.44088389,101.4643602,104.5184949,97.8234995,93.75396901,85.41108189,90.11444775,99.33494221,87.47834823,85.16090326,76.63461782,88.19280593,89.76799262,89.85633703,75.57398559
CO2,Africa,Forest Land,-2511.116828,-2271.792539,-2175.060098,-2071.792273,-1962.607111,-1860.515955,-1811.604588,-1763.147135,-1727.636959,-1681.460976,-1605.043124,-1548.962266,-1510.162767,-1448.568647,-1422.335778,-1342.596328,-1274.346991,-1234.991334,-1267.784114,-1239.520881,-1187.567823,-1133.82383,-1096.642405,-1049.361649,-998.8578651,-941.1773128,-935.5737979,-894.4843785,-854.2293654,-833.967645,-791.4109563,-719.9690302,-696.4957935,-650.8682699
CO2,Africa,Organic Soil,0.296122933,0.296122933,0.296122933,0.296122933,0.296122933,0.296122933,0.296122933,0.296122933,0.296122933,0.296122933,0.296122933,0.296122933,0.296122933,0.296122933,0.296122933,0.296122933,0.296122933,0.296122933,0.296122933,0.296122933,0.296122933,0.296122933,0.296122933,0.296122933,0.296122933,0.296122933,0.296122933,0.296122933,0.296122933,0.296122933,0.296122933,0.296122933,0.296122933,0.296122933
CO2,Africa,Other Land,59.59103528,58.67810307,57.98497302,69.01780492,49.64416992,49.0717037,50.00493871,42.89716928,47.7911586,23.53025158,37.80635437,25.91700442,35.00761826,19.23275019,0.933809264,8.312701843,18.58185933,60.74893888,112.5134097,103.7102176,86.79337636,114.5240349,122.5332906,118.2114894,105.3551787,126.0966166,110.3922062,108.7063961,111.4225345,120.1959933,109.365203,119.6795274,119.6795274,119.6795274
CO2,Asia-Pacific Developed,Deforestation,177.0890719,163.5533413,120.5817236,105.2711085,92.64789373,82.30842739,77.43534344,76.95420343,75.32745035,85.58023152,84.62726664,98.80635242,93.61093587,87.79747788,88.7615665,108.7641397,109.7305013,115.5486074,80.81528844,70.15884774,75.00327596,61.08092904,56.47872756,62.6698634,63.49601127,52.81653788,52.67937396,50.69953834,53.89354919,39.2319149,43.09293237,42.74517607,42.74517607,42.74517607
CO2,Asia-Pacific Developed,Fires,312.0824051,354.0561972,419.224903,756.191262,386.5183377,386.5183377,241.8572153,143.9084958,381.2244064,466.6358264,699.8052537,790.1997975,1122.367513,285.3355078,579.2536961,139.5558633,678.6779876,588.1210835,229.9344224,268.6965122,129.1509142,1257.960152,1161.209866,256.6202303,470.6066713,457.2362613,170.7105601,671.3124742,571.4587598,510.0451694,219.0879468,195.6864649,250.1700199,1082.156139
GWP_100_AR5_CH4,Asia-Pacific Developed,Fires,27.12631518,30.22279506,35.12067871,43.59600907,28.56181816,28.56181816,25.30928918,12.34458077,29.93208374,30.76125216,40.11772259,49.47778797,59.01726407,25.05382004,37.3172493,14.31683923,41.46280255,34.77470458,17.51565204,24.57237886,9.951987457,63.17279766,62.52644424,19.30309813,30.45890261,27.48233315,14.69743702,34.71945489,34.65500872,41.72970818,19.8718455,14.67111731,16.44062544,53.29161003
GWP_100_AR5_N2O,Asia-Pacific Developed,Fires,18.69085016,19.7479891,24.19173539,33.50858377,21.07013485,21.07013485,18.4574077,8.380860671,21.45514968,24.42015111,31.03415042,40.72850011,48.76120322,18.11690434,31.82705437,11.86436684,33.4657404,29.08867816,14.89825226,19.47677132,8.381163395,53.93037986,52.9429532,15.15666759,25.14645095,23.08242157,11.65458108,29.33753377,28.71480313,27.11791047,12.70853351,12.42505377,14.0093997,45.43479187
CO2,Asia-Pacific Developed,Forest Land,-492.7347671,-494.1351357,-494.0360997,-493.6136946,-491.5568516,-487.7602284,-489.145179,-483.8968141,-487.7562361,-481.4127712,-470.9045561,-471.9143891,-473.3106964,-474.0767466,-475.0686447,-475.3650114,-471.9954885,-467.7859026,-474.2266343,-480.2242438,-471.5992021,-462.7466929,-466.6377604,-459.2447746,-453.1788511,-448.364154,-438.3815032,-415.6512625,-411.3796709,-410.0948667,-422.3728707,-414.728813,-413.9078123,-414.0442936
CO2,Asia-Pacific Developed,Organic Soil,3.30471804,3.332764774,3.29174362,3.229627468,3.293111997,3.233121999,3.339005585,3.210245398,3.280299634,3.440361333,3.34840427,3.368879844,3.158085236,3.122370747,3.271186343,3.192838391,3.318181432,3.1701601,3.253333508,3.240526269,3.392964393,3.58220522,3.27797012,3.126044318,3.259117431,3.070677548,3.061879566,3.305929497,3.203247178,3.040254803,3.122277189,3.122277189,3.122277189,3.122277189
CO2,Asia-Pacific Developed,Other Land,20.77262018,11.98297161,-9.372305031,-15.03392339,-7.51942719,-24.32503779,-18.06365127,-15.28700716,-27.32557727,-32.53798922,-25.67396899,-28.96771753,-34.52871236,-20.07877933,-20.5135776,-10.82743411,-1.609599448,8.881602403,12.41536214,26.99282596,12.31775969,20.19014664,14.75827493,1.488186764,-1.484705497,-9.798625333,-29.16352254,-41.65693093,-45.99680867,-48.67210612,-45.426055,-48.55603975,-48.55603975,-48.55603975
CO2,Eastern Asia,Deforestation,4.081995649,3.998807649,3.915619649,3.832431649,3.749243649,3.666055649,4.055723649,4.445391649,4.835059649,5.224727649,5.614395649,5.253729649,4.893063649,4.532397649,4.171731649,3.811065649,3.846428519,3.881791389,3.917154259,3.95251713,3.98788,4.204268,4.420656,4.637044,4.853432,4.050653333,3.258100667,3.493548,3.404662,3.403776,3.40289,3.40289,3.40289,3.40289
CO2,Eastern Asia,Fires,141.1352753,138.6917935,191.50869,145.7805697,118.6155052,118.6155052,74.98889808,25.6200266,128.4816784,104.8680515,153.2243858,54.51818119,7.250100142,26.34519529,16.1981105,8.793798228,6.855536133,8.39731974,31.45066608,16.84197543,10.89384736,9.834860933,6.117731091,7.380625796,16.3243828,8.265507391,7.799445578,6.045657471,10.15987875,9.46788708,8.297050811,5.598484223,5.006497535,6.852595635
GWP_100_AR5_CH4,Eastern Asia,Fires,12.81544954,12.44860104,18.48347343,15.89909006,11.25551715,11.25551715,7.75302527,2.784301262,12.51902518,9.880413923,15.01303968,4.852874794,0.96981977,2.94332714,2.415468032,1.174645261,1.080799266,1.540710707,3.565723989,1.803838743,1.13406406,1.437379434,1.107513236,0.909712178,1.904539874,1.321417206,0.978704755,0.701588376,0.88006439,1.00876774,0.757778421,0.564587502,0.629372445,1.29455312
GWP_100_AR5_N2O,Eastern Asia,Fires,6.920432606,6.807695114,9.569265611,7.941308346,5.927641505,5.927641505,4.042303852,1.543129806,6.560238355,5.108332103,7.982334647,2.662628076,0.60840807,1.759693719,1.293275485,0.731505852,0.661909507,0.933313967,1.849702743,0.992720466,0.671101582,0.931731159,0.786027519,0.591617638,1.09097427,0.873859824,0.635515818,0.404002445,0.478857666,0.572427547,0.418506024,0.306621353,0.359227908,0.856409715
CO2,Eastern Asia,Forest Land,-621.0204566,-629.3072651,-639.105043,-646.0809764,-661.7525366,-661.2733051,-657.4429424,-667.3555333,-670.848503,-683.1543011,-696.6595506,-708.1773271,-714.9210999,-719.4106714,-728.559741,-735.9550781,-742.986119,-715.5426714,-675.2047774,-627.1359655,-600.440248,-605.7220888,-611.6671965,-597.2968408,-655.6319,-692.1926153,-627.1851643,-638.2677094,-629.0410984,-690.8776583,-651.8920542,-660.1690857,-665.2268125,-670.1697031
CO2,Eastern Asia,Other Land,-211.1292175,-211.0533855,-210.9775535,-210.9017215,-210.8258895,-210.7500575,-210.7417275,-210.7333975,-210.7250675,-210.7167375,-210.7084075,-210.7089255,-210.7094435,-210.7099615,-210.7104795,-210.7109975,-218.937156,-227.1633145,-235.389473,-243.6156315,-251.84179,-267.256006,-282.670222,-298.084438,-313.498654,-346.7592033,-380.0130627,-414.294922,-375.602448,-375.609974,-375.6175,-375.6175,-375.6175,-375.6175
CO2,Eurasia,Deforestation,15.95876134,13.39022854,12.9405704,12.69308848,9.806114716,11.04693388,9.357194149,8.049850372,7.928117746,8.409023954,8.307485115,7.345165388,8.300638919,8.399764518,9.098521384,9.461807208,10.24388295,10.9770446,10.28447093,13.71945117,9.832220736,12.65945284,11.56468236,10.58048602,6.836125928,15.02278824,4.899390046,5.359374955,3.630834935,13.07227885,2.870310841,18.33471689,18.33471689,18.33471689
CO2,Eurasia,Fires,413.9428849,438.0502278,391.4689233,258.249563,589.5045048,589.5045048,535.4011569,348.2732428,194.7124831,428.4582309,506.3939966,156.1993055,172.2579862,362.9308928,170.0769293,144.9992608,160.2545794,98.20398667,354.0317894,149.3744857,193.5259368,175.4494024,280.2124235,129.9165917,260.6222033,97.85664074,203.1271563,109.4968588,254.1740571,196.5582537,152.3391734,188.2505853,90.21472391,139.592388
GWP_100_AR5_CH4,Eurasia,Fires,34.76090767,36.83564217,33.36043303,21.27197094,48.01907197,48.01907197,43.92382251,27.55824223,18.1124817,35.44790511,41.96015558,13.92283574,39.01519638,69.02180829,30.40782294,40.33918743,32.30122459,22.28425702,82.75642836,32.7052209,37.13924291,28.92179916,54.76814233,29.84318185,41.24718627,18.15799905,38.46975191,20.34443969,57.45423322,34.83317621,27.25319214,34.13751153,15.87273801,36.44063974
GWP_100_AR5_N2O,Eurasia,Fires,18.67479421,19.84174285,18.50555196,11.82093539,26.15273438,26.15273438,23.66761964,15.36743159,10.55370686,19.89764592,23.33026743,8.161449245,10.3594696,12.90658919,8.906476369,6.444932284,8.838534895,5.039465852,11.17328018,5.266122078,8.721245214,6.711873139,9.428612899,3.237780744,10.61345655,5.271090678,6.450852203,7.088886571,7.085507506,8.138667858,5.351381336,6.594951472,3.404414751,3.077667125
CO2,Eurasia,Forest Land,-1796.772355,-1793.849244,-1792.064845,-1920.094951,-2065.062052,-2057.231493,-2085.146945,-1996.234703,-2042.41427,-1990.56442,-1961.567027,-1946.98769,-1944.23192,-1923.720659,-1912.539248,-1904.808684,-1888.925547,-1856.263059,-1993.393903,-2002.700816,-1948.42812,-1912.607349,-1892.838304,-1894.624139,-1867.149373,-1860.638736,-1853.939944,-1851.934526,-1776.313111,-1805.277483,-1801.406053,-1791.36299,-1846.746152,-1852.139476
CO2,Eurasia,Organic Soil,162.4307894,161.2819662,159.7509894,158.8135189,157.3631197,156.1419387,154.4866645,152.8875919,151.5633246,150.0182264,148.4903968,146.9671797,145.4427087,143.8788117,142.6072226,141.2915191,139.9653619,139.1706654,136.1890024,134.8831821,135.2016806,133.9281715,133.9621023,133.4219485,133.4916194,133.5299848,132.7968261,132.7032994,133.4413213,133.398489,133.398489,133.398489,133.398489,133.398489
CO2,Eurasia,Other Land,-47.45588457,-1.787222178,-5.209307873,-21.05000593,-56.27349503,-78.60337242,-102.0986643,-113.7975825,-124.6829817,-146.0169038,-136.0901281,-148.2913822,-162.9258699,-150.3880785,-132.2592851,-132.996733,-112.0240608,-146.4463969,-196.883779,-175.6963813,-207.1697731,-206.6052418,-221.0195254,-192.40226,-247.3809318,-187.3365003,-218.9789952,-215.2558752,-216.3145094,-204.3657747,-203.4264059,-172.4364229,-172.4364229,-172.4364229
CO2,Europe,Deforestation,30.79266181,30.90091215,30.96537259,32.31796216,31.59340241,31.97844285,34.38323316,35.83033017,38.87597949,37.14063188,36.74771811,39.13497603,40.38794735,41.31639946,43.32206633,43.60670211,45.59564825,47.37678867,46.97542579,46.70408609,47.2785903,47.57084471,48.03184531,51.45827168,45.65473548,48.66845703,49.43362835,43.52678956,42.17101181,41.9468452,39.53453155,39.00750978,39.00750978,39.00750978
CO2,Europe,Fires,44.20391681,28.32457819,22.63897364,15.53767076,34.00944651,34.00944651,37.26508825,7.931145009,50.76555934,20.34247256,40.73121057,37.14474672,6.201005172,15.00173084,2.924102632,12.61021624,6.392935604,9.513815331,2.884272468,5.621869882,5.163669755,6.555734053,12.04614957,4.585149805,7.608246451,10.79642844,5.120770788,20.93092979,4.774240782,9.531598996,11.58378413,9.773258413,13.10309213,6.64104167
GWP_100_AR5_CH4,Europe,Fires,5.365710548,3.033361624,2.233648689,1.52632817,3.455498419,3.455498419,3.751992212,1.192038728,5.23687175,2.036545413,4.254453224,4.320335883,1.700598696,2.238817191,0.468454824,1.249077116,0.723100955,1.439046985,0.459041255,0.70930537,0.691299561,1.299113809,2.320596151,0.497619028,1.117415658,2.314374104,0.604966167,1.995674692,0.616935871,1.96375187,1.778783307,0.975627468,1.916253865,0.693426431
GWP_100_AR5_N2O,Europe,Fires,1.775565046,1.200912462,1.015041665,0.689830491,1.498379825,1.498379825,1.631381309,0.310723507,2.192335633,0.918123958,1.782803652,1.563163384,0.144977741,0.573257545,0.13409038,0.548608435,0.290574632,0.406915769,0.161456711,0.255595191,0.224769651,0.235105713,0.413333179,0.202625594,0.306781678,0.333293369,0.237776665,0.917335666,0.198893115,0.291828819,0.436463121,0.440779761,0.501572429,0.307904245
CO2,Europe,Forest Land,-613.6488015,-735.9986969,-729.171961,-738.9803678,-693.8169821,-654.792321,-675.0420189,-635.8924002,-632.9590705,-616.0604522,-544.1767339,-595.0651404,-582.4461761,-550.1758415,-528.3603976,-475.5028356,-512.5391689,-445.4823057,-518.0255914,-596.0450248,-487.6477598,-478.3160614,-479.3218814,-466.9574695,-460.491006,-444.2654644,-428.3072905,-420.5606316,-357.0115581,-353.9351462,-384.7222257,-330.8686312,-336.6858767,-323.8106015
CO2,Europe,Organic Soil,122.8407116,123.2151409,122.3603198,121.0991743,120.3188853,120.6063385,120.8653227,119.8759512,119.6016892,119.6250339,120.3175315,120.5947925,120.4318359,120.014218,119.032579,119.4115663,120.5490829,119.9281656,119.8749297,119.7899344,119.2241275,119.360906,119.6247011,119.1852774,119.5120491,119.4700739,120.0228358,120.1071946,120.0364953,120.403863,120.3977878,120.3977878,120.3977878,120.3977878
CO2,Europe,Other Land,-46.05303141,-48.67906014,-45.40682835,-53.69057545,-61.26872961,-74.00398269,-70.2447071,-67.45927438,-73.32003496,-149.5738563,-73.44846013,-78.48853601,-79.04359518,-101.2448171,-113.8253323,-116.1752023,-129.3303988,-124.8809415,-74.76639162,-77.1671721,-102.1682729,-88.5586077,-90.70948587,-73.29062829,-76.51860327,-100.72781,-103.281148,-105.8477848,-99.46844361,-110.5418847,-123.0653884,-133.153723,-133.153723,-133.153723
CO2,Latin America and Caribbean,Deforestation,1394.821336,1269.880991,1433.205507,1482.614032,1481.848757,2472.490243,1859.505918,1573.400444,1829.798301,1808.367637,1848.319488,1778.128723,1992.531983,3024.715958,3215.018501,2293.154328,1973.814637,1729.611719,1803.45516,1237.551282,1187.564075,1209.571003,1126.757587,1301.668599,1127.063538,1197.040344,1274.452134,1242.386568,1224.497343,1218.000451,1276.776078,1276.79218,1276.79218,1276.79218
CO2,Latin America and Caribbean,Fires,78.70038572,72.18595824,58.07607062,50.7479414,96.50860265,96.50860265,82.62075841,53.68754713,58.443009,81.23905867,42.83161973,60.72405365,24.15990472,26.93150704,12.22980078,17.45970396,14.80491184,9.646119819,22.40984396,16.02338818,8.113507939,20.66603291,12.48558316,10.70032969,8.415283975,17.2010484,18.76747005,45.49202794,16.05959605,17.27488924,25.26147395,15.03630581,22.29306897,31.86074851
GWP_100_AR5_CH4,Latin America and Caribbean,Fires,58.77958821,83.87501175,89.38655905,173.4575307,76.0332068,76.0332068,77.75500885,45.42662401,77.75587736,93.92172845,150.7629746,66.40886537,60.15159603,77.90341438,78.69568544,80.41276291,58.93534091,98.19667706,45.54055126,34.4782353,115.7499722,34.16595238,45.32787225,35.16442712,30.88340522,51.34102578,61.24131249,50.90400351,28.10679405,76.06971399,83.87602542,48.74832038,65.93380699,59.19945557
GWP_100_AR5_N2O,Latin America and Caribbean,Fires,19.39482238,27.08886269,27.81264194,49.84512815,25.5467215,25.5467215,26.93439856,13.91510084,23.7036697,28.44230588,43.61900695,22.78859702,24.30835567,24.51767927,27.86308447,28.79082206,18.15975936,36.12745767,17.21748348,10.88387669,37.91493172,15.03274815,18.52435419,11.41381733,12.44355136,18.01601178,17.44535849,21.64447711,11.56677908,24.70850606,29.24401266,18.98916255,21.01053981,19.62813022
CO2,Latin America and Caribbean,Forest Land,-2057.439628,-2008.874142,-2062.043917,-2041.003107,-1962.116551,-1899.305519,-1869.01262,-1821.035919,-1762.758116,-1693.334718,-1642.328714,-1668.612672,-1608.044136,-1499.317655,-1429.761089,-1455.664805,-1475.018719,-1431.570332,-1648.771448,-1662.492329,-1609.024626,-1443.18367,-1375.905942,-1390.190297,-1397.053737,-1444.391444,-1573.549697,-1541.791558,-1479.736005,-1567.529763,-1529.320536,-1530.84926,-1519.935862,-1505.930919
CO2,Latin America and Caribbean,Organic Soil,-6.03,-6.03,-6.03,-6.03,-6.03,-6.03,-6.03,-6.03,-6.03,-6.03,-6.03,-6.03,-6.03,-6.03,-6.03,-6.03,-6.03,-6.03,-6.03,-6.03,-6.03,-6.03,-6.03,-6.03,-6.03,-6.03,-6.03,-6.03,-6.03,-4.496865,-2.96373,-2.96373,-2.96373,-2.96373
CO2,Latin America and Caribbean,Other Land,-31.72536076,-38.30063119,-39.95878608,-39.91955482,-44.67789863,-33.07482239,-42.00655644,-53.35343632,-56.3293531,-62.68727787,-66.24644282,-63.43247011,-62.05882412,-32.65381594,-29.32699687,-59.47180595,-60.09192272,-65.77906849,-64.48931105,-79.55675599,-75.58379415,-75.16608878,-78.15306229,-76.67556405,-89.87935208,-86.22143635,-100.6112642,-104.2947081,-95.72074273,-96.50766382,-94.82415362,-94.82415362,-94.82415362,-94.82415362
CO2,Middle East,Deforestation,81.3748,81.3748,81.3748,81.3748,81.3748,81.3748,81.3748,81.3748,81.3748,81.3748,81.3748,81.3748,81.3748,81.3748,81.3748,81.3748,81.3748,81.3748,81.3748,81.3748,81.3748,81.3748,81.3748,81.3748,81.3748,81.3748,81.3748,81.3748,81.3748,81.3748,81.3748,81.3748,81.3748,81.3748
CO2,Middle East,Fires,2.561970125,5.466492132,1.772776387,2.24350844,4.919605129,4.919605129,7.072149402,1.66995289,6.892726136,4.382574368,3.298689701,3.909361218,0.962833088,0.642183029,0.843420293,0.975338636,0.742909003,0.882350637,0.214638674,0.208238333,1.588507716,1.063380822,0.388804696,0.604089266,1.123158102,0.770506497,1.259964566,0.950485493,0.471160865,21.11436877,3.893634986,1.024841702,0.33019562,3.086544456
GWP_100_AR5_CH4,Middle East,Fires,0.173458693,0.328765815,0.10945372,0.11464418,0.348342442,0.348342442,0.496352945,0.104421705,0.480221913,0.277364445,0.251942131,0.267778659,0.074832313,0.048337614,0.061456386,0.062469914,0.048032242,0.074990039,0.042316677,0.035788862,0.176484605,0.05983668,0.047988264,0.043724444,0.070274811,0.080201255,0.096920576,0.061708878,0.052692703,0.944760363,0.306834696,0.077079371,0.032787824,0.173532797
GWP_100_AR5_N2O,Middle East,Fires,0.121606409,0.239882305,0.07810445,0.097368858,0.222739085,0.222739085,0.322153883,0.074086971,0.307717943,0.198332466,0.166400591,0.185786859,0.064664878,0.041770004,0.049479754,0.053448771,0.041506122,0.061988791,0.03647015,0.030926244,0.126854836,0.051027844,0.028833935,0.037395707,0.060726602,0.068625493,0.083073167,0.050463646,0.044854517,0.815975718,0.260841708,0.062000139,0.024502296,0.146138317
CO2,Middle East,Forest Land,-12.08097037,-11.11685887,-11.07473372,-10.65943801,-10.48120726,-10.22982508,-10.1810597,-9.755755739,-9.910912382,-10.02044716,-9.904099049,-9.851616113,-10.6444201,-10.04653819,-10.07671801,-10.00625165,-9.823956339,-9.537965154,-9.289296863,-9.165300347,-9.241786386,-9.184421298,-8.869433464,-8.718136885,-8.552712673,-8.98588115,-9.232001542,-9.075281751,-8.961308493,-8.823446422,-9.146099364,-8.953099725,-8.874660418,-8.718683716
CO2,North America,Deforestation,120.8134026,121.1564012,121.4835638,121.7380294,122.1109128,122.4498163,122.7932972,123.1196108,123.4590972,123.7642475,124.1591432,124.4950782,124.7892456,125.1903973,125.4992838,125.9147255,126.2427789,126.5442659,126.8971116,127.2462694,127.5664581,127.9655733,128.2994227,128.7056795,129.1436674,129.3601146,129.5576735,129.7151583,129.7554799,129.7086057,129.7378809,131.917099,131.917099,131.917099
CO2,North America,Fires,195.1166719,210.3016876,126.6605559,149.2948795,285.8042889,285.8042889,126.9376175,84.46451772,327.8301079,135.3045329,149.15986,89.97811916,79.08091643,100.8672361,72.1329305,74.96986279,47.89649616,62.02040807,47.10981977,33.39052905,44.83086801,58.61221627,78.8858286,115.7876803,77.31921754,136.822934,59.36951706,92.58695853,105.4284652,72.71783104,89.3501821,178.6750879,70.16766534,503.1694548
GWP_100_AR5_CH4,North America,Fires,34.97647502,36.35002042,24.1736662,29.69061958,58.42376661,58.42376661,20.87353085,15.51601468,74.31722159,33.03400073,30.51755684,18.60947645,31.58535034,32.54822295,19.38073025,20.66881439,20.19387371,50.54868619,12.88265605,10.83027883,13.02460364,41.14085527,29.09921718,36.36025552,27.36981214,32.54802808,20.84217363,29.83154362,18.60411733,19.22372913,11.79828602,40.18780897,17.98617912,144.3587945
GWP_100_AR5_N2O,North America,Fires,7.695243465,8.174298562,5.445953872,6.136379725,8.991364267,8.991364267,5.407369578,3.635116971,9.817345184,6.488683804,6.924602532,3.583824795,1.990826282,2.328849078,2.508559473,2.315589168,2.301906026,2.277910927,2.131516811,1.605372477,1.973191391,2.642859123,2.327619449,2.632882685,2.336839507,4.157809111,1.659371087,3.726877959,4.550418932,2.282545945,4.322026333,5.530961654,2.614032363,9.176056934
CO2,North America,Forest Land,-1553.70164,-1588.678207,-1586.381961,-1599.162138,-1580.515562,-1576.393174,-1592.616566,-1584.773118,-1596.159881,-1566.293048,-1559.341937,-1638.969847,-1623.140101,-1660.678354,-1584.9835,-1585.075849,-1644.722646,-1748.13794,-1983.145075,-2128.664631,-1983.770589,-1925.866528,-1937.672136,-1907.003245,-1898.112686,-1893.550112,-1926.895971,-1916.048995,-1850.331901,-1868.893085,-1931.884972,-1658.25986,-1645.532679,-1662.699126
CO2,North America,Organic Soil,45.69863468,44.9614076,45.18567326,45.47029302,45.75123888,45.77461223,45.68361998,45.62550024,45.69676735,40.08155412,39.74976714,46.12265195,46.09477093,45.71206458,45.52832115,45.23305855,45.03535287,44.20961069,44.03585256,43.78285334,43.94349239,44.01398947,44.09120906,43.27715964,41.82540659,45.29355868,44.40779205,45.85787076,46.87977688,43.51565703,43.51565703,43.51565703,43.51565703,43.51565703
CO2,North America,Other Land,-438.5740073,-446.8009631,-441.9553287,-427.6660866,-446.4397543,-421.5848793,-446.2442177,-429.3923448,-435.5654469,-431.0380169,-436.1950861,-444.1607527,-423.5631416,-448.5563569,-368.201171,-425.1678987,-451.8872805,-415.0781593,-396.9579126,-365.6837764,-383.3812489,-423.8236014,-432.6928797,-397.6386194,-410.178477,-348.1465342,-441.7589855,-440.141348,-424.4764388,-384.0172249,-457.4097691,-451.0196659,-451.0196659,-451.0196659
CO2,South-East Asia and developing Pacific,Deforestation,965.5794894,872.7989394,886.9607694,862.2729594,873.7678694,862.0039894,863.9864694,855.8169394,880.4544794,862.5724094,921.3073294,303.4287283,310.6339887,273.0960501,387.7368549,379.1313415,368.2833975,454.689146,423.7097449,499.7727989,282.034625,314.6812109,393.6769912,533.7515088,392.433143,886.071615,600.9617897,606.7036617,745.4713462,630.860028,630.860028,630.860028,630.860028,630.860028
CO2,South-East Asia and developing Pacific,Fires,1.007512141,3.871683648,3.656364003,7.643701375,2.637067825,2.637067825,3.122929294,1.739768861,3.202130246,3.711771352,6.110620593,2.180732983,4.076609975,5.792473568,8.737733982,5.536586607,4.79263377,7.408910451,1.160196309,7.006742273,7.528978458,2.240141563,5.138937466,7.738348392,4.755430563,7.265270648,4.552103364,1.17327994,1.691586153,4.89733841,3.18226033,3.95067279,2.457378849,4.283452554
GWP_100_AR5_CH4,South-East Asia and developing Pacific,Fires,66.18033708,119.2764725,118.5009708,114.5712003,69.57618833,69.57618833,78.97294728,45.16552098,104.7378605,105.1543057,117.1589869,72.74072564,186.4108608,87.98395323,219.8005153,111.2020343,234.298883,72.91295963,41.41729705,168.4621709,58.33472628,95.37571327,104.6743411,94.28734428,215.9412423,222.0738342,55.18366478,37.78396432,92.27843755,181.1581212,55.70692119,37.40969173,21.05466832,116.6372229
GWP_100_AR5_N2O,South-East Asia and developing Pacific,Fires,10.89433531,15.75563295,14.4829893,15.3174063,14.41662067,14.41662067,15.05036233,11.09051332,14.38361676,10.03183798,12.01251836,10.84426575,8.495626346,12.18397899,20.73302898,11.22732284,12.24324391,17.45259319,9.32738591,14.26856527,14.10977349,9.40664767,12.0252911,9.902517383,12.94155592,15.05591304,9.480678126,9.420723638,8.187250027,10.86056508,12.29076095,9.833195263,5.893661488,10.29116987
CO2,South-East Asia and developing Pacific,Forest Land,802.2209953,794.0962044,788.6150172,728.1301749,685.8443062,658.6619662,635.2666122,627.345767,612.1328599,608.2063119,599.5501045,549.4682161,580.0005931,607.7673565,612.2834495,599.3190185,565.9869011,586.5245245,575.1856967,510.1786614,564.0001893,607.9343452,609.5593759,666.2512211,669.0537329,587.9525262,592.3034771,584.2649756,633.0004871,635.2799176,663.4533926,687.1517004,668.6557185,684.7509705
CO2,South-East Asia and developing Pacific,Organic Soil,309.14067,309.14067,309.14067,309.14067,309.14067,309.14067,309.14067,309.14067,309.14067,309.14067,309.14067,374.34567,563.26067,381.15767,608.85467,655.33167,1354.489592,440.316514,380.880436,657.188358,413.64128,469.49928,737.76828,483.43328,974.15228,1200.64128,475.17528,397.64928,508.64128,856.32428,856.32428,856.32428,856.32428,856.32428
CO2,South-East Asia and developing Pacific,Other Land,4.322,4.322,4.322,4.322,4.322,4.322,4.322,4.322,4.322,4.322,4.322,4.322,4.322,4.322,4.322,4.322,4.322,4.322,4.322,4.322,4.322,4.097,3.823583333,3.598583333,3.422,3.422,3.422,3.422,3.422,3.422,3.422,3.422,3.422,3.422
CO2,Southern Asia,Deforestation,97.19253743,97.19253743,97.19253743,97.19253743,97.19253743,87.12617044,77.05980346,66.99343647,56.92706949,46.8607025,36.79433552,35.93857742,35.11543032,34.29243322,33.37641612,32.58863901,31.84190991,31.03614681,34.46824033,37.61128085,41.13409436,35.659822,18.528605,18.564385,25.132162,28.960566,29.210566,29.052566,22.853566,17.647566,17.647566,17.647566,17.647566,17.647566
CO2,Southern Asia,Fires,3.320523139,8.393178198,6.854575517,7.732518945,8.649493466,8.649493466,6.216880308,3.079041148,6.056443696,6.228309095,7.945498894,4.489618519,0.47456914,2.774675668,2.750229854,1.839295843,2.567518442,2.770074624,1.567478284,7.627811523,3.359052891,1.404830557,5.87900085,1.655296235,3.886204748,1.992604379,4.173042646,1.666057362,3.096941941,3.920399771,0.90867225,3.105072308,3.610797264,1.808918392
GWP_100_AR5_CH4,Southern Asia,Fires,12.65890982,13.11891576,13.01941431,10.76455143,16.07888607,16.07888607,16.56450581,12.35543331,8.894351268,17.07281243,14.92545258,10.2032628,1.65482132,7.307865215,10.00695301,6.650871981,6.470407768,9.990375433,7.169500783,18.94995232,15.38623847,8.117733705,18.28579531,11.79397793,9.986645928,5.870354467,12.24908321,13.58633475,11.72153206,8.125466461,3.1352976,19.15291785,8.599749375,7.379950004
GWP_100_AR5_N2O,Southern Asia,Fires,3.852994051,3.935295741,4.209287261,3.444971724,4.999868452,4.999868452,5.261532199,3.975131631,2.818739952,5.394975709,4.773217645,3.144118976,0.526948898,2.201602772,3.009398004,1.995568142,1.969023563,2.961753634,2.093869505,5.677435478,4.448345216,2.403894913,5.420764992,3.43341481,2.962887479,1.751397103,3.637367589,3.962397204,3.47495454,2.447291191,0.986710855,5.651419154,2.614978736,2.187912574
CO2,Southern Asia,Forest Land,1130.786092,1170.090293,1182.193557,1196.760476,1205.934283,1212.031737,1186.62213,1181.09956,1191.539301,1202.881231,1204.61992,1214.740144,1302.789937,1311.321473,1304.5319,1314.485882,1320.072677,1335.738028,1340.432907,1345.253888,1350.968153,1350.423201,1347.593111,1344.643792,1341.975091,1330.252248,1328.799351,1321.632006,1315.559091,1309.8038,1302.632065,1295.986868,1280.869628,1274.052623
,,,,,,,,,,,,,,,,,,,,,,,,,,,,,,,,,,,,
GWP_100_AR5_GHG,Africa,Net,-477.1882223,-302.3358561,-184.0393675,69.84566955,19.26082931,128.7346984,234.744935,-58.23879406,291.2691043,293.5543265,635.6643924,506.2530262,458.0170291,484.8259097,503.2360718,676.944866,692.2596363,786.0438295,891.2037117,866.9116093,1010.409793,1717.018977,1660.495338,1583.284139,1513.870489,1252.463431,1298.043118,1343.775469,1387.484486,1361.38724,1441.389893,1600.975268,1577.034461,1602.797165
GWP_100_AR5_GHG,Asia-Pacific Developed,Net,66.33121337,88.76092344,99.0023796,433.1489728,33.01501767,9.606573965,-140.8105691,-254.3854352,-3.862423543,96.88706213,362.3542725,481.6992112,819.0755931,-74.72944514,244.8485303,-208.498398,393.0501254,311.7989335,-115.3943234,-67.08638146,-233.4011371,997.1699175,884.5564758,-100.8806841,138.303597,105.5254521,-214.741194,332.0667373,234.5488884,162.397985,-169.9153903,-194.6347636,-135.9763538,764.1496608
GWP_100_AR5_GHG,Eastern Asia,Net,-667.196521,-678.4137532,-626.6055479,-683.5292981,-733.0305185,-732.5586431,-777.3447191,-843.6960815,-729.1775689,-768.7895135,-725.5338023,-851.5988389,-911.9091518,-894.5400191,-915.1916348,-932.1550606,-949.4786015,-927.9528501,-869.8110033,-847.1605452,-835.595145,-856.5698553,-881.9054906,-881.8622792,-944.957225,-1024.440381,-994.5264602,-1041.917835,-989.7200836,-1052.034774,-1014.633329,-1025.914003,-1031.446325,-1033.380755
GWP_100_AR5_GHG,Eurasia,Net,-1198.460102,-1126.236659,-1181.247684,-1478.29588,-1290.490001,-1304.969681,-1420.409151,-1557.895926,-1784.227138,-1494.350291,-1369.174854,-1762.683137,-1731.78179,-1476.970871,-1683.70156,-1695.26871,-1649.346024,-1727.034037,-1595.842711,-1842.448735,-1771.177566,-1761.541892,-1623.921866,-1780.02641,-1661.719713,-1778.136732,-1687.174963,-1792.197542,-1536.841666,-1623.642393,-1683.619912,-1583.083158,-1757.957492,-1693.731998
GWP_100_AR5_GHG,Europe,Net,-454.7232671,-598.0028517,-595.365433,-621.4999774,-564.2100992,-537.2481976,-547.3897084,-538.2114859,-489.60667,-585.5715008,-413.791477,-470.7956619,-492.6234064,-472.2762357,-476.3044367,-414.2518677,-468.3182252,-391.6985149,-422.4368571,-500.131406,-417.2335759,-391.8529648,-387.594742,-364.3191542,-362.8103809,-363.4106476,-356.1684608,-338.930492,-288.6824248,-290.3391429,-334.0562641,-293.427391,-294.9133836,-289.9166546
GWP_100_AR5_GHG,Latin America and Caribbean,Net,-543.4988567,-600.1739492,-499.5519246,-330.2880297,-332.8871615,732.1684317,129.7669078,-193.9896398,164.5833871,249.9187346,370.9279333,189.9750969,425.0188792,1616.067088,1868.688986,898.6510058,524.5740071,370.202573,169.3322801,-449.1423028,-341.2959334,-244.9440226,-256.993607,-113.9486882,-314.1573105,-253.0444501,-308.2846859,-291.6891903,-301.2562355,-332.4807315,-211.9508304,-269.0711757,-231.6941499,-216.2382886
GWP_100_AR5_GHG,Middle East,Net,72.15086486,76.29308138,72.26040084,73.17088347,76.3842794,76.63566158,79.08439653,73.46750583,79.14455361,76.21262412,75.18773337,75.88611062,71.83271018,72.06055245,72.25243842,72.45980567,72.38329103,72.85616431,72.37892864,72.48445309,74.02486077,73.36462405,72.97099343,73.34187253,74.07624684,73.3082521,73.58275677,73.36217627,72.98219959,95.42645843,76.69001203,73.58562149,72.88762532,76.06233185
GWP_100_AR5_GHG,North America,Net,-1587.97522,-1614.535355,-1705.387877,-1674.498023,-1505.873745,-1476.534205,-1717.165348,-1741.804703,-1450.604789,-1658.658046,-1645.026093,-1800.341449,-1763.162133,-1802.587941,-1688.134846,-1741.141697,-1854.939519,-1877.615218,-2147.046031,-2277.493104,-2135.813225,-2075.314636,-2087.661719,-1977.878207,-2030.29622,-1893.514202,-2112.81843,-2054.471934,-1969.590082,-1985.461941,-2110.570709,-1709.452911,-1830.351712,-1281.581729
GWP_100_AR5_GHG,South-East Asia and developing Pacific,Net,2159.345339,2119.261603,2125.678781,2041.398112,1959.704722,1920.758502,1909.86199,1854.62118,1928.373617,1903.139306,1969.60223,1317.330339,1657.200349,1372.303482,1862.468253,1766.069974,2544.416651,1583.626648,1436.002757,1861.199297,1343.971573,1503.234339,1866.6668,1798.962803,2272.699385,2922.482439,1741.078993,1640.417885,1992.692387,2322.80225,2225.239643,2228.951568,2188.667735,2306.569124
GWP_100_AR5_GHG,Southern Asia,Net,1247.811057,1292.73022,1303.469372,1315.895056,1332.855068,1328.886156,1291.724852,1267.502603,1266.235905,1278.438031,1269.058424,1268.515722,1340.561707,1357.89805,1353.674897,1357.560257,1362.921536,1382.496378,1385.731995,1415.120369,1415.295884,1398.009482,1395.707277,1380.090866,1383.942991,1368.82717,1378.06941,1369.899362,1356.706086,1341.944524,1325.310311,1341.543843,1313.34272,1303.07697
,,,,,,,,,,,,,,,,,,,,,,,,,,,,,,,,,,,,
CO2,EU27,Deforestation,23.77930223,23.72145362,22.39864331,24.8912962,23.87888584,24.13226145,25.80750506,27.66028471,27.81234478,28.59831811,28.44116906,30.67354562,31.54527416,32.99326859,34.34872238,35.05383997,36.36662112,38.12750709,36.16795904,37.11174815,36.54860679,35.14841206,33.65361144,42.02531779,35.866138,37.8579332,39.15332936,33.42804075,31.95859621,31.54901153,29.60841269,29.14912956,29.14912956,29.14912956
CO2,EU27,Fires,25.18546249,18.8597672,13.82360063,9.234666145,23.78060827,23.78060827,27.52435904,4.627216741,37.31035151,12.55185428,19.46173645,21.66673289,2.468661431,11.0753467,2.051462284,10.01982719,4.538177739,6.377549248,1.514690928,2.315003505,2.523833146,3.842778909,6.693123539,2.388554679,2.229909244,1.843136074,4.268888063,18.95719923,1.647520976,3.678289402,3.812180115,5.601838345,10.56017488,5.675014768
GWP_100_AR5_CH4,EU27,Fires,2.905076956,1.643778232,1.236418848,0.839725218,2.240549606,2.240549606,2.569456104,0.843236605,3.625868754,1.197980445,1.866008007,2.561361281,0.455068272,1.064634704,0.233762842,0.882878098,0.402920877,0.677968123,0.279936993,0.203191652,0.228249699,0.6959531,0.973684339,0.292519029,0.256851918,0.230697443,0.352210225,1.666262762,0.146316252,0.784869605,0.555284407,0.474720316,1.415172135,0.519364284
GWP_100_AR5_N2O,EU27,Fires,1.009598841,0.826271522,0.623939323,0.414518685,1.039029782,1.039029782,1.188906556,0.150366101,1.593355259,0.549812592,0.839361007,0.876701237,0.083753837,0.495723265,0.104878112,0.432806407,0.199036702,0.281397066,0.069249518,0.114723565,0.113015203,0.128923244,0.27401495,0.100950736,0.090929653,0.075837027,0.190821249,0.811054883,0.071904724,0.100907225,0.14115295,0.253411016,0.406395777,0.257536523
CO2,EU27,Forest Land,-444.3205884,-563.4068373,-559.052288,-568.3650541,-518.7355054,-485.8325574,-502.684832,-469.7913051,-471.6874719,-449.9935886,-390.2322969,-433.1010458,-424.9222728,-396.1928755,-378.8415977,-326.4976067,-370.5773567,-307.0766307,-379.0662134,-446.4243715,-350.7392135,-347.8998301,-350.8474851,-340.8078859,-341.919704,-326.5051981,-313.3053511,-305.0441461,-251.6417283,-244.1034528,-270.9321165,-224.8849945,-231.5866171,-217.6640414
CO2,EU27,Organic Soil,94.65666624,94.84619512,94.2594986,92.80607089,92.01121565,92.17618287,92.73622228,91.95599088,91.93453133,92.12022982,93.16795107,93.66056195,93.42812516,93.57167341,92.93984694,93.74264475,95.11322342,94.79258258,94.77159716,95.47450444,94.91948282,95.15227837,95.52696127,95.20893172,95.60338798,95.64416332,96.26523367,96.40576001,96.42063845,96.86243946,96.86243946,96.86243946,96.86243946,96.86243946
CO2,EU27,Other Land,-44.27015661,-42.16300129,-37.52074467,-53.72119821,-57.57724682,-73.05152665,-68.36675059,-72.62437291,-73.88926216,-151.689363,-81.17578188,-90.82338227,-90.11966922,-102.7749652,-123.8535881,-124.9470572,-134.0198393,-122.3111444,-88.57608157,-88.46524464,-103.1396271,-103.803224,-98.72266111,-94.85994621,-100.406953,-117.9021726,-123.3189548,-118.806105,-123.1226335,-134.5510471,-124.1168862,-129.184122,-129.184122,-129.184122
GWP_100_AR5_GHG,EU27,Net,-341.0546383,-465.6723729,-464.2309319,-493.8999752,-433.3624631,-415.515452,-421.2251336,-417.1785829,-383.3002824,-466.6647564,-327.6318532,-374.4855251,-387.0610592,-359.767194,-373.0165132,-311.3126675,-367.9772162,-289.130771,-334.8388614,-399.6704449,-319.5456529,-316.7347085,-312.4487507,-295.6515581,-308.2794402,-308.7556036,-296.3938233,-272.5819335,-244.5193851,-245.6789827,-264.0695331,-221.7275779,-222.3774273,-214.3846788
,,,,,,,,,,,,,,,,,,,,,,,,,,,,,,,,,,,,
CO2,GLOBAL TOTAL,Deforestation,4243.792075,4011.13506,4151.942762,4155.404189,4148.612081,5116.920607,4492.264775,4189.1031,4459.590924,4424.29921,4512.876589,3846.607188,4075.624309,5077.790674,5407.950517,4518.348943,4175.639401,4037.191443,4068.976641,3585.793735,3358.047393,3878.74135,3867.896564,4190.011217,3880.068933,4050.735636,3850.79669,3816.52616,3938.518429,3811.667203,3862.060945,3877.818341,3877.818341,3877.818341
CO2,GLOBAL TOTAL,Fires,1317.971019,1367.704474,1344.534873,1587.044709,1651.565379,1651.565379,1254.110633,717.9446448,1283.263838,1410.010084,1883.065029,1372.416203,1580.016362,944.4959443,983.8748762,539.1518559,1062.832214,918.4648553,866.8334661,627.146903,610.4573869,1849.876054,1788.02159,669.6515589,939.1838294,836.5602489,579.9760424,1091.122047,1055.701659,923.2326569,661.8416889,845.223259,635.7794511,1992.039174
GWP_100_AR5_CH4,GLOBAL TOTAL,Fires,627.0844848,669.083739,663.6047227,810.0723209,653.8081942,653.8081942,644.0743774,349.6164109,695.8851068,641.7477137,840.6662501,604.575859,678.3678676,600.9484083,691.1749852,602.8416504,680.5207838,582.4146313,519.9231356,613.474683,552.4388976,605.1325868,630.2222281,517.3237491,588.0410472,632.6003166,497.8924135,466.0262205,569.3512974,649.1594874,454.7302439,427.2664562,398.0020621,629.2607182
GWP_100_AR5_N2O,GLOBAL TOTAL,Fires,205.8272658,214.4298365,222.8384417,252.2252158,219.7788777,219.7788777,227.2081554,122.1489093,212.4463259,214.0838772,269.3378548,213.1192379,183.1778098,177.6476281,189.727017,175.1862616,176.1824019,196.0360363,163.3441593,149.8982691,178.0357367,195.8647624,199.72129,140.3626885,153.3143062,158.7248697,150.6195164,164.0310462,149.4632218,153.8703365,154.2120424,149.6021377,140.2886665,166.6801665
CO2,GLOBAL TOTAL,Forest Land,-7725.508359,-7569.565591,-7518.130083,-7596.496293,-7536.130265,-7336.808117,-7368.303175,-7153.646051,-7126.771788,-6911.213591,-6685.755717,-6824.332587,-6584.110787,-6366.906283,-6174.869766,-6071.169942,-6134.299058,-5987.048959,-6654.222237,-6890.516641,-6382.751812,-6013.093095,-5912.402572,-5762.501538,-5727.999306,-5815.360945,-5871.962542,-5781.917362,-5418.44444,-5594.315376,-5556.070311,-5132.022201,-5183.880301,-5129.577479
CO2,GLOBAL TOTAL,Organic Soil,637.6816466,636.1980724,633.995519,632.0194066,630.1331489,629.1628043,627.7814057,625.0060817,623.5488738,616.5719687,615.3128926,685.665297,872.6541938,688.1512579,913.560102,958.7267753,1657.623694,741.0612387,678.4996771,953.150977,709.6696678,764.6506751,1032.990385,776.7098328,1266.506595,1496.271698,769.7307364,693.8896972,806.4682436,1152.481802,1154.090884,1154.090884,1154.090884,1154.090884
CO2,GLOBAL TOTAL,Other Land,-690.251846,-671.6381874,-690.5731366,-694.9220628,-773.0390244,-788.9484484,-835.0725857,-842.8038734,-875.8353027,-1004.71853,-906.2341393,-943.8107796,-933.4999683,-940.0770591,-869.581033,-942.7153697,-950.9765589,-905.3953394,-839.2360954,-806.6946737,-916.711743,-922.5983642,-964.1300265,-914.7932502,-1030.163545,-949.4714928,-1159.992772,-1209.363173,-1142.734857,-1096.096635,-1186.982069,-1152.505978,-1152.505978,-1152.505978
GWP_100_AR5_GHG,GLOBAL TOTAL,Net,-1383.403715,-1342.652596,-1191.786901,-854.6525142,-1005.271609,145.4792968,-957.936414,-1992.630777,-727.8720226,-609.2192671,529.2687592,-1045.759581,-127.770214,182.0505711,1141.836699,-219.6298251,667.5228776,-417.2760931,-1195.881253,-1767.746747,-1890.814473,358.573969,642.3194592,-383.2357416,68.9518599,410.0603317,-1182.939915,-759.6853638,-41.6764454,-0.000524699,-456.116575,169.4728986,-130.4068744,1537.805827
